user_id,user_screen_name,user_friends_count,user_create_at,tweet_id,tweet_lang,tweet_country_code,tweet_country,tweet_place_type,tweet_place_name,tweet_coordinates,tweet_nbr_hashtags,tweet_hashtags,user_mentions_nbr,user_mentions_ids_str,user_mentions_screen_name,retweet_id,retweet_hashtags,quoted_status_id_tweet,quote_status_id_str,quote_status_id_screen_name,retweet_hashtags_nbr,status
586925350,torchysbar,1950,Mon May 21 22:08:41 +0000 2012,1008359812982296577,en,,,,,[],,[],,[],[],,[],1.0083517823455437e+18,3260148888.0,CBSSportsSoccer,,normal
99153026,aileen_montana,4668,Thu Dec 24 18:57:39 +0000 2009,1008359814240636930,en,,,,,[],1.0,['nadanosdetiene'],2.0,"['3253879915', '138372303']","['miseleccionmxen', 'fifaworldcup']",1.0083502378224763e+18,['nadanosdetiene'],,,,1.0,normal
1535154438,johnzaum_,430,Thu Jun 20 22:31:09 +0000 2013,1008359814274183168,pt,,,,,[],,[],,[],[],,[],,,,,normal
316820343,thecodymccarty,305,Tue Jun 14 00:56:40 +0000 2011,1008359815205310464,en,,,,,[],,[],1.0,['628706570'],['basedchasen'],1.0083054981840118e+18,[],1.00830228744448e+18,138372303.0,FIFAWorldCup,,normal
379477612,bambi_wilai,649,Sun Sep 25 01:33:32 +0000 2011,1008359815502950400,th,,,,,[],1.0,['isl'],1.0,['945145639553265665'],['nuncius_'],1.0083182098317599e+18,['isl'],1.0079564435412623e+18,3760236855.0,RTSportNews,1.0,normal
1553312108,hushpaper,436,Fri Jun 28 15:05:40 +0000 2013,1008359815725441025,en,,,,,[],,[],,[],[],,[],1.008105497856299e+18,8.42853644865323e+17,STZAblog,,normal
335600606,lydieflorent,926,Thu Jul 14 23:08:36 +0000 2011,1008359815628902401,und,,,,,[],,[],,[],[],,[],1.0083532330504397e+18,563821591.0,sonnyanderson10,,normal
193224685,msvsport,775,Tue Sep 21 08:57:51 +0000 2010,1008359815947702272,es,,,,,[],1.0,['mundial'],1.0,['340367987'],['gaizkamendieta6'],1.0076388884233216e+18,['mundial'],,,,1.0,normal
821755303758856192,awudufrancis,20,Wed Jan 18 16:25:06 +0000 2017,1008359815855460353,en,,,,,[],,[],10.0,"['52991935', '25073877', '108471631', '988573326376427520', '118756393', '37666984', '18916432', '1249982359', '1367531', '14669951']","['apeterbruce', 'realdonaldtrump', 'melaniatrump', 'secpompeo', 'ambjohnbolton', 'nikkihaley', 'speakerryan', 'senatemajldr', 'foxnews', 'drudge_report']",1.0083450139216896e+18,[],1.008332095226368e+18,9.772083558224732e+17,NeverAgainGC,,normal
1720194781,footy_obsession,98,Sun Sep 01 20:35:42 +0000 2013,1008359817885319169,en,,,,,[],,[],1.0,['487899172'],['36johns'],1.0066193142737797e+18,[],,,,,normal
1004077375708164096,footafricain1,95,Tue Jun 05 19:07:56 +0000 2018,1008359818556510208,en,,,,,[],,[],1.0,['705174625659916288'],['brazilstat'],1.008355283209515e+18,[],,,,,normal
44898585,ashipaek0,297,Fri Jun 05 14:05:23 +0000 2009,1008359818975948801,en,,,,,[],,[],1.0,['296589974'],['cerebrone'],1.008359177377534e+18,[],1.008355283209515e+18,7.051746256599163e+17,BrazilStat,,normal
265796617,lockon_cc07,6637,Mon Mar 14 04:40:09 +0000 2011,1008359819508527105,ja,,,,,[],,[],1.0,['93828552'],['ultrasoccer'],1.0083518867625984e+18,[],,,,,normal
536174456,bright_charles,455,Sun Mar 25 10:08:07 +0000 2012,1008359821467443201,en,,,,,[],,[],1.0,['234284433'],['bensonedo_'],1.0080744743092019e+18,[],1.0080742306409595e+18,18038269.0,thefader,,normal
149901114,stanley469,543,Sun May 30 14:43:51 +0000 2010,1008359821618245634,en,,,,,[],,[],,[],[],,[],,,,,normal
977122325085630464,infistans,83,Fri Mar 23 09:58:11 +0000 2018,1008359821492404226,de,,,,,[],1.0,['ger'],3.0,"['34613288', '533085085', '78270570']","['arsenal', 'mesutozil1088', 'dfb_team']",1.0083506975014052e+18,[],,,,,normal
1117787850,jack67_,1024,Thu Jan 24 21:33:33 +0000 2013,1008359822939578369,en,,,,,[],,[],1.0,['705174625659916288'],['brazilstat'],1.008355283209515e+18,[],,,,,normal
1886915772,burtonara,460,Fri Sep 20 15:50:50 +0000 2013,1008359822742306816,en,,,,,[],,[],1.0,['296649346'],['ocmayra'],1.0082101629796229e+18,[],,,,,normal
788051161362423808,duhmawiihs94,1210,Mon Oct 17 16:16:52 +0000 2016,1008359823845412864,pl,,,,,[],9.0,"['srb', 'rus', 'por', 'esp', 'fra', 'isl', 'den', 'cro', 'srb']",1.0,['138372303'],['fifaworldcup'],1.0083475617390264e+18,"['srb', 'rus', 'por', 'esp', 'fra', 'isl', 'den', 'cro', 'srb']",,,,9.0,normal
879822478704594948,trevornkhwashu,172,Tue Jun 27 22:03:20 +0000 2017,1008359825003204609,en,,,,,[],,[],1.0,['400630125'],['theweeklive'],1.0083592437943132e+18,[],,,,,normal
76324306,reny_prasetya,530,Tue Sep 22 12:51:29 +0000 2009,1008359824763940865,in,,,,,[],,[],,[],[],,[],1.0083515518726308e+18,947281567.0,panditfootball,,normal
297312735,mikescott90,514,Thu May 12 09:21:30 +0000 2011,1008359829151330304,en,,,,,[],,[],1.0,['191068541'],['marcusspeller'],,[],1.0075809808010813e+18,265902729.0,BBCSport,,normal
965513869673271296,saziyevural929,214,Mon Feb 19 09:10:19 +0000 2018,1008359829717516288,en,,,,,[],1.0,['haydireisleislanmaya'],,[],[],,[],,,,,normal
761673723183235072,kikijoembugua,61,Fri Aug 05 21:22:21 +0000 2016,1008359830464196609,tl,,,,,[],2.0,"['fathersdayedition', 'fathersday']",1.0,['785184702722367492'],['kikithablogger'],1.0083597164670444e+18,['fathersdayedition'],,,,1.0,normal
305734083,scottcrawfrd,76,Thu May 26 18:22:35 +0000 2011,1008359832133521409,en,,,,,[],,[],,[],[],,[],1.0083583536203489e+18,20442930.0,Daily_Star,,normal
90358986,ikhairudin,680,Mon Nov 16 09:22:29 +0000 2009,1008359832481554433,en,,,,,[],2.0,"['crc', 'srb']",1.0,['84619268'],['stighefootball'],1.0083472519856005e+18,"['crc', 'srb']",,,,2.0,normal
2935737357,abdurraufp,87,Sun Dec 21 19:54:26 +0000 2014,1008359832968204288,en,,,,,[],,[],1.0,['705174625659916288'],['brazilstat'],1.008355283209515e+18,[],,,,,normal
632103800,mann_223,2004,Tue Jul 10 16:11:49 +0000 2012,1008359834352316416,en,,,,,[],,[],1.0,['390039353'],['aderemimoses'],1.0083208134293504e+18,[],,,,,normal
1720194781,footy_obsession,98,Sun Sep 01 20:35:42 +0000 2013,1008359835052605441,en,,,,,[],,[],2.0,"['2675290322', '763105982364934144']","['bet_clever', 'pekolzafootball']",1.0072914810849075e+18,[],,,,,normal
2382932563,cozykenobi427,432,Tue Mar 11 01:05:21 +0000 2014,1008359835254120449,en,,,,,[],,[],1.0,['377137999'],['chivaz71'],1.0073949212952412e+18,[],1.0073945983591301e+18,15356900.0,soccerdotcom,,normal
937703948953313281,iambamiele1,1014,Mon Dec 04 15:23:37 +0000 2017,1008359835753238528,en,,,,,[],,[],1.0,['3686412680'],['jn_shine'],1.0080915655190364e+18,[],,,,,normal
895712203,leeby_8,1,Sun Oct 21 16:42:24 +0000 2012,1008359835992117248,und,,,,,[],,[],,[],[],,[],1.0082784350038057e+18,533085085.0,MesutOzil1088,,normal
723410173511917568,akimreus,226,Fri Apr 22 07:16:40 +0000 2016,1008359835950174209,in,,,,,[],,[],1.0,['361150095'],['woodyinho'],,[],1.0083520580580311e+18,7.246633912314348e+17,LPI_MY,,normal
1917007830,alinus06,84,Sun Sep 29 12:47:54 +0000 2013,1008359836810203137,fr,,,,,[],2.0,"['braswi', 'nati']",1.0,['900280136142123009'],['lequipedestelle'],1.008313174469292e+18,"['braswi', 'nati']",,,,2.0,normal
747187232939859968,joshua_green1,446,Sun Jun 26 21:58:13 +0000 2016,1008359836768260096,en,,,,,[],,[],1.0,['633705263'],['thesportsman'],1.0083552878188831e+18,[],,,,,normal
326753894,pialipasha,263,Thu Jun 30 12:47:29 +0000 2011,1008359838248853505,en,,,,,[],,[],,[],[],,[],,,,,normal
2205927389,maniikemartiai,1169,Tue Dec 03 13:12:37 +0000 2013,1008359837988802560,en,,,,,[],,[],1.0,['1367955956'],['vela11i'],1.0083593121152369e+18,[],1.0083543038814986e+18,589361046.0,byMikeGramajo,,normal
524654270,asante308,576,Wed Mar 14 19:29:35 +0000 2012,1008359839469359104,en,,,,,[],,[],1.0,['321284751'],['jon_legossip'],1.0083108754874327e+18,[],,,,,normal
996320033881108480,chainberryi,6,Tue May 15 09:23:01 +0000 2018,1008359840505384967,de,,,,,[],2.0,"['neuerscheinung', 'blockchain']",1.0,['971666233778204673'],['chain_berry'],1.008356897286697e+18,"['neuerscheinung', 'blockchain']",,,,2.0,normal
1723814946,joegrinkewicz,192,Tue Sep 03 00:20:23 +0000 2013,1008359841625231360,en,,,,,[],,[],,[],[],,[],1.008358135462015e+18,22012028.0,rvkgrapevine,,normal
824653455344148481,gracemtolo,46,Thu Jan 26 16:21:19 +0000 2017,1008359841860149253,en,,,,,[],,[],1.0,['3162987706'],['_edebiyatcii_'],1.0083518317838213e+18,[],,,,,normal
3342091264,mariemmohsen663,783,Mon Jun 22 21:47:21 +0000 2015,1008359841734320129,ar,,,,,[],,[],,[],[],,[],1.0083591803176796e+18,8.829606213099192e+17,Yallakoranow,,normal
1053687128,cindyym19,483,Tue Jan 01 23:04:21 +0000 2013,1008359842699005952,en,,,,,[],3.0,"['eugenioderbez', 'telemundo', 'copamundial2018']",1.0,['51218174'],['brendablanco'],1.0083562691603702e+18,"['eugenioderbez', 'telemundo', 'copamundial2018']",1.0083554485363958e+18,8.708121948621128e+17,JerryBoKnowz,3.0,normal
1482295142,abigailhearne,179,Tue Jun 04 13:30:43 +0000 2013,1008359842715709440,en,,,,,[],,[],1.0,['1004698846235119616'],['st_supporters'],1.005906980370899e+18,[],1.0057954448936346e+18,19069880.0,nodenet,,normal
723670888122445825,drcelarent,10,Sat Apr 23 00:32:39 +0000 2016,1008359843072102400,es,,,,,[],,[],1.0,['27708897'],['reforma'],1.0083511254294569e+18,[],,,,,normal
1198705884,pepeinvegas,2640,Tue Feb 19 21:35:09 +0000 2013,1008359843139235840,en,,,,,[],,[],,[],[],,[],1.0083543038814986e+18,589361046.0,byMikeGramajo,,normal
2492830592,chwesj_01,346,Tue May 13 11:30:10 +0000 2014,1008359843080499200,th,,,,,[],,[],,[],[],,[],1.0083587264644424e+18,70401175.0,MajorGroup,,normal
210525112,tindikalis,71,Sun Oct 31 17:03:00 +0000 2010,1008359843562807297,in,,,,,[],,[],,[],[],,[],1.0083584384082043e+18,259725229.0,ValaAfshar,,normal
3306178822,zvezdasve,911,Mon Jun 01 23:34:39 +0000 2015,1008359844359917569,pl,,,,,[],9.0,"['srb', 'rus', 'por', 'esp', 'fra', 'isl', 'den', 'cro', 'srb']",1.0,['138372303'],['fifaworldcup'],1.0083475617390264e+18,"['srb', 'rus', 'por', 'esp', 'fra', 'isl', 'den', 'cro', 'srb']",,,,9.0,normal
284830510,qpoyesman,1196,Wed Apr 20 01:43:39 +0000 2011,1008359844313686016,eu,,,,,[],,[],,[],[],,[],1.0079278815935078e+18,1570236241.0,Footy_WAGs,,normal
1915071828,vintagexlogy,333,Sat Sep 28 19:31:57 +0000 2013,1008359845446193152,en,,,,,[],,[],1.0,['234284433'],['bensonedo_'],1.0080744743092019e+18,[],1.0080742306409595e+18,18038269.0,thefader,,normal
174133832,hassyannette,758,Tue Aug 03 05:13:19 +0000 2010,1008359847090196481,en,,,,,[],,[],1.0,['296649346'],['ocmayra'],1.0082101629796229e+18,[],,,,,normal
954844552149585920,noor221lr,122,Sat Jan 20 22:34:16 +0000 2018,1008359847941885952,en,,,,,[],,[],,[],[],,[],1.0083525780050985e+18,2201228281.0,Krowd9,,normal
215735611,szik10,769,Sun Nov 14 19:40:02 +0000 2010,1008359848856170497,et,,,,,[],,[],,[],[],,[],1.008355283209515e+18,7.051746256599163e+17,BrazilStat,,normal
257335492,lazylivvy,782,Fri Feb 25 05:51:51 +0000 2011,1008359848616972288,tl,,,,,[],,[],,[],[],,[],1.0083591995947008e+18,2152685876.0,FCBayernEN,,normal
4831877525,the5050clubjpn,46,Thu Jan 21 05:55:14 +0000 2016,1008359849128677376,pl,,,,,[],9.0,"['srb', 'rus', 'por', 'esp', 'fra', 'isl', 'den', 'cro', 'srb']",1.0,['138372303'],['fifaworldcup'],1.0083475617390264e+18,"['srb', 'rus', 'por', 'esp', 'fra', 'isl', 'den', 'cro', 'srb']",,,,9.0,normal
346010763,sg8kop,469,Sun Jul 31 15:32:39 +0000 2011,1008359849221021696,pl,,,,,[],9.0,"['srb', 'rus', 'por', 'esp', 'fra', 'isl', 'den', 'cro', 'srb']",1.0,['138372303'],['fifaworldcup'],1.0083475617390264e+18,"['srb', 'rus', 'por', 'esp', 'fra', 'isl', 'den', 'cro', 'srb']",,,,9.0,normal
988693018642280448,galyaa_lvanova,4369,Tue Apr 24 08:15:59 +0000 2018,1008359851100069893,en,,,,,[],,[],1.0,['952928294634184704'],['sebby_xoxo'],1.0083508020318495e+18,[],,,,,normal
154105286,cloakn_dagger,533,Thu Jun 10 11:24:20 +0000 2010,1008359851792240642,en,,,,,[],,[],1.0,['705174625659916288'],['brazilstat'],1.008355283209515e+18,[],,,,,normal
410200441,viikka1,1202,Fri Nov 11 19:41:38 +0000 2011,1008359852064804865,fi,,,,,[],,[],,[],[],,[],,,,,normal
984770565335670784,abumali10043389,2285,Fri Apr 13 12:29:33 +0000 2018,1008359852094128128,en,,,,,[],1.0,['mex'],2.0,"['119593082', '271059096']","['foxsoccer', 'komandnaya']",1.0083587789773414e+18,['mex'],,,,1.0,normal
82903719,mrglennjones,2593,Fri Oct 16 15:27:53 +0000 2009,1008359853507608577,en,,,,,[],1.0,['saintsfc'],,[],[],,[],1.008358803270783e+18,7.657517441859174e+17,prediksiligaing,,normal
600733220,sergeevdkevinz,25294,Wed Jun 06 06:27:40 +0000 2012,1008359853830492160,es,,,,,[],1.0,['ger'],1.0,['40018037'],['pelotazo'],1.0083549964994273e+18,['ger'],,,,1.0,normal
326530306,soy_jesusc,5073,Thu Jun 30 02:12:51 +0000 2011,1008359854648512512,und,,,,,[],,[],1.0,['825946424'],['sp_fiorentina'],1.0083498579066102e+18,[],1.0083482325005025e+18,798524948.0,OOTB_football,,normal
996320033881108480,chainberryi,6,Tue May 15 09:23:01 +0000 2018,1008359857274138626,de,,,,,[],2.0,"['blockchain', 'neuerscheinung']",1.0,['971666233778204673'],['chain_berry'],1.0083566919462339e+18,"['blockchain', 'neuerscheinung']",,,,2.0,normal
3323056977,max_pitch,533,Sat Jun 13 14:30:55 +0000 2015,1008359857689374722,pl,,,,,[],9.0,"['srb', 'rus', 'por', 'esp', 'fra', 'isl', 'den', 'cro', 'srb']",1.0,['138372303'],['fifaworldcup'],1.0083475617390264e+18,"['srb', 'rus', 'por', 'esp', 'fra', 'isl', 'den', 'cro', 'srb']",,,,9.0,normal
104985595,dangergonzalez,59,Fri Jan 15 00:40:17 +0000 2010,1008359858012291072,es,,,,,[],,[],,[],[],,[],1.0083498820699423e+18,9.435877377094902e+17,Humbert99486876,,normal
832423280455852033,th2hw45,182,Fri Feb 17 02:55:50 +0000 2017,1008359858989682689,ar,,,,,[],2.0,"['كأس_العالم', 'سويسرا']",1.0,['47301285'],['emaratalyoum'],1.0082826664274739e+18,['كأس_العالم'],,,,1.0,normal
3380215593,yemellzy,676,Fri Jul 17 12:21:56 +0000 2015,1008359858817720320,pt,,,,,[],,[],1.0,['44627459'],['corinthians'],1.0083334492315238e+18,[],,,,,normal
16376155,hattantawili,532,Sat Sep 20 08:44:43 +0000 2008,1008359859325161472,en,,,,,[],,[],1.0,['1372726615'],['8fact_footballl'],1.0083408342011617e+18,[],,,,,normal
454866424,imusaiid,852,Wed Jan 04 13:36:01 +0000 2012,1008359859664969728,ar,,,,,[],,[],,[],[],,[],1.0083503006028063e+18,558797310.0,ManUtd,,normal
1201469960,wvip110,6465,Wed Feb 20 16:04:05 +0000 2013,1008359860382158849,ar,,,,,[],,[],1.0,['412833131'],['ii_moo3ath'],1.008350099741782e+18,[],,,,,normal
624753392,thenameis_dan,879,Mon Jul 02 15:22:41 +0000 2012,1008359861803995136,de,,,,,[],3.0,"['ger', 'mex', 'mex']",1.0,['1944665077'],['squawkanews'],1.0083497140419297e+18,"['ger', 'mex']",,,,2.0,normal
2280119063,_manlikemesut,1400,Mon Jan 13 22:41:03 +0000 2014,1008359862231814144,en,,,,,[],,[],1.0,['296649346'],['ocmayra'],1.0082101629796229e+18,[],,,,,normal
609081125,sofascore,645,Fri Jun 15 13:08:04 +0000 2012,1008359863020408833,en,,,,,[],,[],,[],[],,[],,,,,normal
1005690215963512832,litemerlin,233,Sun Jun 10 05:56:47 +0000 2018,1008359863095844866,en,,,,,[],2.0,"['germex', 'ger']",,[],[],,[],,,,,normal
199632928,sport_mediaset,821,Thu Oct 07 11:08:47 +0000 2010,1008359863271948289,it,,,,,[],3.0,"['mondialimediaset', 'germex', 'germania']",,[],[],,[],,,,,normal
31695844,dw_politik,409,Thu Apr 16 08:39:32 +0000 2009,1008359863280422912,de,,,,,[],,[],,[],[],,[],1.0083339224161116e+18,118677107.0,An_Koehler,,normal
25268540,eurosport_uk,468,Thu Mar 19 10:47:34 +0000 2009,1008359862986727424,en,,,,,[],,[],1.0,['136356564'],['jacklang'],,[],,,,,normal
116549221,platform_81,2095,Mon Feb 22 21:37:26 +0000 2010,1008359862760194048,en,,,,,[],2.0,"['germany', 'mexico']",1.0,['113891962'],['dsgautocontract'],,[],,,,,normal
948204340447236099,chrisbr63208196,821,Tue Jan 02 14:48:26 +0000 2018,1008359864127705089,en,,,,,[],,[],1.0,['1637589674'],['statmandave'],1.0083559602120868e+18,[],,,,,normal
303032735,perjure_gems,158,Sun May 22 05:50:06 +0000 2011,1008359864370753537,en,,,,,[],,[],1.0,['2597974921'],['thesportalk'],1.0083279621297848e+18,[],,,,,normal
2536213908,delmister,61008,Sat May 31 01:11:28 +0000 2014,1008359863855013889,en,,,,,[],2.0,"['germany', 'mexico']",1.0,['3385879005'],['sandybigboobs'],,[],,,,,normal
261802163,ackifemmy,1448,Sun Mar 06 18:51:53 +0000 2011,1008359865557897218,en,,,,,[],,[],,[],[],,[],1.0083464403751322e+18,2350218440.0,DFB_Team_EN,,normal
404768988,azhyr4,754,Fri Nov 04 11:39:37 +0000 2011,1008359866107244544,nl,,,,,[],,[],,[],[],,[],1.0083596298757079e+18,343627165.0,premierleague,,normal
3193291013,garciiadri,532,Wed Apr 22 03:49:35 +0000 2015,1008359866606411778,en,,,,,[],,[],1.0,['1733066600'],['set_backs_tde'],1.00824240532412e+18,[],1.0082101629796229e+18,296649346.0,OCmayra,,normal
1337678305,indiegametrends,2327,Mon Apr 08 21:30:03 +0000 2013,1008359866484871169,en,,,,,[],5.0,"['mobile', 'headphones', 'bluetooth', 'music', 'speaker']",1.0,['950969243864125446'],['dinfomall'],1.0083588112818708e+18,"['mobile', 'headphones', 'bluetooth', 'music']",,,,4.0,normal
450311863,fasz88,99,Fri Dec 30 03:24:45 +0000 2011,1008359867558572033,es,,,,,[],,[],,[],[],,[],1.0083559370343916e+18,138372303.0,FIFAWorldCup,,normal
1482295142,abigailhearne,179,Tue Jun 04 13:30:43 +0000 2013,1008359868414222336,en,,,,,[],1.0,['letsmakeitofficial'],4.0,"['1004698846235119616', '100800912', '8159102', '268400722']","['st_supporters', 'bbcleicester', 'deanjacksondj', 'danielsturridge']",1.0059061516309258e+18,['letsmakeitofficial'],1.005076933246423e+18,19069880.0,nodenet,1.0,normal
269331703,darkpbs77,8009,Sun Mar 20 15:18:40 +0000 2011,1008359868724436992,en,,,,,[],,[],1.0,['544469926'],['michldogs'],1.0082774687410299e+18,[],,,,,normal
865540756022280201,infnityloki,1468,Fri May 19 12:12:52 +0000 2017,1008359870158995456,sr,,,,,[],3.0,"['crcsrb', 'orlovi', 'srb']",1.0,['100364677'],['delije_net'],1.0083513983318098e+18,"['crcsrb', 'orlovi', 'srb']",,,,3.0,normal
923261441095979009,beyzaturkmen2,336,Wed Oct 25 18:54:15 +0000 2017,1008359872029773830,fr,,,,,[],,[],1.0,['4904368541'],['lazitouune'],1.008105974882857e+18,[],1.0069744504856535e+18,1.0027457979125473e+18,cup_sen,,normal
2282347942,fesamhula,1258,Tue Jan 14 21:22:54 +0000 2014,1008359872285429760,en,,,,,[],,[],1.0,['4360836733'],['positivelyethio'],1.0083470933442683e+18,[],,,,,normal
877523173318680576,song296283483,0,Wed Jun 21 13:46:42 +0000 2017,1008359872113475584,th,,,,,[],3.0,"['kissmeagain', 'พีทเก้า', 'เตนิว']",1.0,['2719410050'],['sangkapatt'],1.0083567491773399e+18,"['kissmeagain', 'พีทเก้า', 'เตนิว']",1.0083560989176136e+18,8.371263677790085e+17,TopTrendThai,3.0,anormal
794673044270837760,adachxyuto,95,Fri Nov 04 22:49:52 +0000 2016,1008359873011167232,und,,,,,[],,[],,[],[],,[],1.0083382721819976e+18,56749149.0,RodolfoLanderos,,normal
3806134043,robb_w1,538,Mon Sep 28 17:57:17 +0000 2015,1008359874382745600,und,,,,,[],,[],3.0,"['3646985598', '24211221', '242113431']","['maryrose_ceo', 'adetinniswood', 'polruanblues']",,[],1.0083591853047071e+18,252521025.0,Number10cat,,normal
565994118,ineedgab,1567,Sun Apr 29 02:27:22 +0000 2012,1008359874672152576,en,,,,,[],,[],1.0,['3397258065'],['toniruediger'],,[],1.0083464403751322e+18,2350218440.0,DFB_Team_EN,,normal
828337828253753345,paigera92393173,2184,Sun Feb 05 20:21:42 +0000 2017,1008359875062239236,en,,,,,[],5.0,"['tokensale', 'bitcoin', 'crypto', 'blockchain', 'exchange']",1.0,['928410762380529664'],['qurrex'],1.0081037748653302e+18,"['tokensale', 'bitcoin', 'crypto']",,,,3.0,normal
334948967,piff_online,66,Wed Jul 13 22:37:51 +0000 2011,1008359875276091393,fr,,,,,[],1.0,['cm2018'],1.0,['821044207569797120'],['izosarr'],1.0082964908827812e+18,['cm2018'],,,,1.0,normal
745822200817553408,itzehfer,163,Thu Jun 23 03:34:04 +0000 2016,1008359875745910785,es,,,,,[],4.0,"['sabíasque', 'méxico', 'alemania', 'cdmx']",1.0,['867008021850980352'],['tumercadologo'],1.0076842212074824e+18,"['sabíasque', 'méxico', 'alemania']",,,,3.0,normal
210842872,theemisslee,1086,Mon Nov 01 15:22:29 +0000 2010,1008359878241472513,en,,,,,[],,[],,[],[],,[],1.0083596298757079e+18,343627165.0,premierleague,,normal
945033775,vostok1981,899,Tue Nov 13 02:28:13 +0000 2012,1008359871723573248,pt,,,,,[],1.0,['mundial2018'],,[],[],,[],,,,,normal
142802581,tiempoarg,1295,Tue May 11 20:18:47 +0000 2010,1008359878086287361,es,,,,,[],1.0,['russia2018'],1.0,['155388668'],['alejwall'],,[],,,,,normal
3129656015,watch_tv_abroad,8,Mon Mar 30 19:02:54 +0000 2015,1008359879063560192,en,,,,,[],2.0,"['germex', 'germany']",,[],[],,[],,,,,normal
1434990302,frand0tambunan,251,Fri May 17 07:37:58 +0000 2013,1008359879583543296,en,,,,,[],,[],1.0,['2603067229'],['photosofootball'],1.0080343486066074e+18,[],,,,,normal
1000923029323599872,thaltitudegroup,113,Mon May 28 02:13:41 +0000 2018,1008359881982795781,en,,,,,[],,[],1.0,['1000923029323599872'],['thaltitudegroup'],1.0083384654932582e+18,[],,,,,normal
160327239,ememesi,609,Sun Jun 27 21:44:19 +0000 2010,1008359881554972673,und,,,,,[],,[],,[],[],,[],1.008355283209515e+18,7.051746256599163e+17,BrazilStat,,normal
3239958031,____faceless,605,Mon Jun 08 13:35:32 +0000 2015,1008359882158845953,th,,,,,[],3.0,"['ตลาดนัดwannaone', 'ตลาดนัดอากาเซ', 'ตลาดนัดexo']",,[],[],,[],,,,,normal
933374822486302720,josephlemire198,63,Wed Nov 22 16:41:13 +0000 2017,1008359882465140740,fr,,,,,[],,[],1.0,['493391629'],['w_alhusseini'],1.0083446808142684e+18,[],,,,,normal
2220509408,rodenasfoz,634,Thu Nov 28 23:44:30 +0000 2013,1008359882997796864,es,,,,,[],1.0,['barcelon'],1.0,['247705940'],['manelmarquez'],1.007727264845484e+18,[],,,,,normal
234504612,alwatansa,5,Wed Jan 05 20:39:32 +0000 2011,1008359880535703554,ar,,,,,[],6.0,"['ألمانيا_والمكسيك', 'المجموعة_الخامسة', 'ألمانيا_والمكسيك', 'روسيا2018', 'كرة_القدم', 'كاس_العالم']",,[],[],,[],,,,,normal
4060653865,arribarribany,98,Thu Oct 29 19:12:00 +0000 2015,1008359882263810048,es,,,,,[],6.0,"['colombia', 'copamundialdelafifa', 'rusia2018', 'arribaarriba', 'restaurante', 'colombia']",,[],[],,[],,,,,normal
86753576,sihonsyugi,524,Sun Nov 01 16:38:47 +0000 2009,1008359884557987840,ja,,,,,[],4.0,"['ドイツ', 'ger', 'メキシコ', 'mex']",1.0,['114409817'],['sn_soccer'],1.0083537315223839e+18,"['ドイツ', 'ger', 'メキシコ', 'mex']",,,,4.0,normal
1748339936,ajmagoo99,1662,Sat Sep 07 14:05:34 +0000 2013,1008359884084203525,en,,,,,[],1.0,['diemannschaft'],2.0,"['2350218440', '2359476565']","['dfb_team_en', 'matshummels']",1.0083505201787699e+18,['diemannschaft'],,,,1.0,normal
998967254808236033,deepans63793955,8,Tue May 22 16:42:08 +0000 2018,1008359885573115905,en,,,,,[],,[],,[],[],,[],1.008355607747924e+18,2350218440.0,DFB_Team_EN,,normal
1463913871,grie7mann,274,Tue May 28 05:29:39 +0000 2013,1008359883975024640,en,,,,,[],,[],,[],[],,[],1.008355283209515e+18,7.051746256599163e+17,BrazilStat,,normal
3188121,lainie,1792,Mon Apr 02 06:57:19 +0000 2007,1008359885812072448,en,,,,,[],,[],1.0,['58327005'],['supernowoczesna'],,[],1.008355283209515e+18,7.051746256599163e+17,BrazilStat,,normal
908310881947320320,greinvented,1187,Thu Sep 14 12:46:04 +0000 2017,1008359883929018369,en,,,,,[],2.0,"['4k', 'hdr']",1.0,['17793580'],['bbciplayer'],,[],,,,,normal
918362239081607169,dursunalimangan,90,Thu Oct 12 06:26:34 +0000 2017,1008359885699010560,tr,,,,,[],,[],,[],[],,[],1.0083528052230431e+18,224176099.0,fanatikcomtr,,normal
2589361761,arifa_nasim,1173,Sat Jun 07 13:22:34 +0000 2014,1008359886202253313,en,,,,,[],,[],1.0,['54730258'],['margaretatwood'],,[],,,,,normal
82594642,willyfrnd,497,Thu Oct 15 11:24:13 +0000 2009,1008359887384895488,in,,,,,[],3.0,"['kamutaugaksih', 'ger', 'mex']",1.0,['947281567'],['panditfootball'],1.0083566314307953e+18,"['kamutaugaksih', 'ger', 'mex']",,,,3.0,normal
500912807,xerodiamonds,222,Thu Feb 23 16:05:01 +0000 2012,1008359887896825856,en,,,,,[],,[],1.0,['870110790245785600'],['itsanguiano13'],1.0080210854329221e+18,[],1.0079944582380544e+18,890891.0,BleacherReport,,normal
75097810,chrisedeson,3477,Thu Sep 17 19:48:54 +0000 2009,1008359888009998336,es,,,,,[],,[],,[],[],,[],,,,,normal
3312447154,maxbaifour,189,Sun Jun 07 21:07:39 +0000 2015,1008359886512644097,en,,,,,[],,[],,[],[],,[],1.008355283209515e+18,7.051746256599163e+17,BrazilStat,,normal
910696241025179649,juniornkone,370,Thu Sep 21 02:44:38 +0000 2017,1008359888576184320,en,,,,,[],,[],1.0,['705174625659916288'],['brazilstat'],1.008355283209515e+18,[],,,,,normal
4877726542,cissahgray,64,Fri Feb 05 11:44:57 +0000 2016,1008359887716352000,en,,,,,[],,[],,[],[],,[],,,,,normal
383978466,lavoxdeportiva,2059,Sun Oct 02 21:09:36 +0000 2011,1008359889964498944,es,,,,,[],2.0,"['srb', 'crc']",,[],[],,[],,,,,normal
2904103170,asvpxjayyyy,292,Wed Nov 19 04:27:01 +0000 2014,1008359888345444353,es,,,,,[],,[],1.0,['2269908133'],['jimmy8707'],1.0083503421975962e+18,[],,,,,normal
835837090587869184,babanizbesiktas,86,Sun Feb 26 13:01:06 +0000 2017,1008359890161688585,tr,,,,,[],,[],1.0,['904325648633790465'],['panenkasport'],1.0080094093631693e+18,[],,,,,normal
894233416937459712,terreena123,223,Sun Aug 06 16:27:15 +0000 2017,1008359890690236420,es,,,,,[],2.0,"['jtpredictthescore', 'russia2018']",1.0,['1575595518'],['myjamaicatoday'],,[],,,,,normal
1482295142,abigailhearne,179,Tue Jun 04 13:30:43 +0000 2013,1008359891113824261,en,,,,,[],1.0,['letsmakeitofficial'],3.0,"['1004698846235119616', '3247497561', '204279818']","['st_supporters', 'alanshearer', 'garethsouthgate']",1.0058623114610893e+18,['letsmakeitofficial'],,,,1.0,normal
973237326,oneofthedwarfs,294,Tue Nov 27 04:28:02 +0000 2012,1008359891860254721,en,,,,,[],1.0,['nadanosdetiene'],2.0,"['3253879915', '138372303']","['miseleccionmxen', 'fifaworldcup']",1.0083502378224763e+18,['nadanosdetiene'],,,,1.0,normal
3446629995,hsussebach,423,Wed Aug 26 12:00:26 +0000 2015,1008359892569255936,de,,,,,[],,[],,[],[],,[],,,,,normal
66166134,_heyo_,431,Sun Aug 16 18:40:51 +0000 2009,1008359891742801920,en,,,,,[],,[],,[],[],,[],1.0083584384082043e+18,259725229.0,ValaAfshar,,normal
619783343,alinaxoxo_,207,Wed Jun 27 07:56:20 +0000 2012,1008359891839438849,en,,,,,[],,[],1.0,['296649346'],['ocmayra'],1.0082101629796229e+18,[],,,,,normal
228061187,bully_25,494,Sat Dec 18 16:10:38 +0000 2010,1008359893030588416,en,,,,,[],,[],1.0,['17159441'],['expressandstar'],1.0083590775069e+18,[],,,,,normal
2559442638,preguisando,1384,Tue Jun 10 17:36:41 +0000 2014,1008359893567451137,en,,,,,[],2.0,"['russia2018', 'followtheleader']",1.0,['2686120999'],['flamengoeng'],1.0083334392113111e+18,"['russia2018', 'followtheleader']",,,,2.0,normal
940067229600694273,shrek_megusta,574,Mon Dec 11 03:54:27 +0000 2017,1008359893202423808,en,,,,,[],4.0,"['mex', 'ger', 'mex', 'eltrieng']",1.0,['135560807'],['mexicoworldcup'],1.0083479364875633e+18,"['mex', 'ger', 'mex', 'eltrieng']",,,,4.0,normal
236619194,ezzaxzaba,1121,Tue Jan 11 00:37:55 +0000 2011,1008359892392951808,en,,,,,[],,[],1.0,['104128758'],['_wangwe'],1.0072984921618432e+18,[],1.0072978376867185e+18,59394075.0,kuirab,,normal
364185139,tundebabs1,371,Mon Aug 29 10:35:09 +0000 2011,1008359894536347651,und,,,,,[],,[],1.0,['487515192'],['head_masta'],,[],1.0083488172242739e+18,385473825.0,Squawka,,normal
63729478,cccamikaze,205,Fri Aug 07 14:09:33 +0000 2009,1008359894813233152,es,,,,,[],6.0,"['rusia2018', 'russia2018', 'rusia', 'mundial', 'croacia', 'nigeria']",,[],[],,[],,,,,normal
2622547994,myboyspiderman,123,Sat Jul 12 10:19:17 +0000 2014,1008359893718392842,th,,,,,[],,[],,[],[],,[],,,,,normal
392988534,_luisdeanda,675,Mon Oct 17 21:18:47 +0000 2011,1008359896809656320,en,,,,,[],,[],1.0,['377137999'],['chivaz71'],1.0073949212952412e+18,[],1.0073945983591301e+18,15356900.0,soccerdotcom,,normal
774298448,ibrahimsaidadam,190,Wed Aug 22 19:06:20 +0000 2012,1008359897602379776,und,,,,,[],,[],,[],[],,[],1.0081111082621256e+18,3393416607.0,alain_4u_sport,,normal
44961859,realtomhoskins,929,Fri Jun 05 18:42:10 +0000 2009,1008359896948117504,es,,,,,[],,[],,[],[],,[],,,,,normal
768567859,gm_emily98,521,Mon Aug 20 01:12:40 +0000 2012,1008359897707241472,und,,,,,[],,[],1.0,['2817287229'],['sinphine'],1.0083592610664858e+18,[],1.0083563414867436e+18,138372303.0,FIFAWorldCup,,normal
131035458,carloseskp,671,Fri Apr 09 02:33:54 +0000 2010,1008359897677717505,en,,,,,[],,[],,[],[],,[],1.0083559396053115e+18,91260761.0,Amazing_Aye,,normal
412685519,chicksdibia,681,Tue Nov 15 01:14:38 +0000 2011,1008359898424410113,und,,,,,[],,[],,[],[],,[],1.008274915722711e+18,378809160.0,Gidi_Traffic,,normal
494164110,fakrogb,1229,Thu Feb 16 16:00:47 +0000 2012,1008359897963094017,en,,,,,[],1.0,['germany'],1.0,['2161334017'],['beerstimber'],,[],,,,,normal
512760459,imnawazz,185,Sat Mar 03 04:03:10 +0000 2012,1008359875682844672,en,,,,,[],,[],2.0,"['210481721', '2350218440']","['imvpatel', 'dfb_team_en']",,[],1.0083595450542285e+18,512760459.0,ImNawaZz,,normal
33190239,vanhxvx,1007,Sun Apr 19 12:38:27 +0000 2009,1008359899330416640,pt,,,,,[],,[],,[],[],,[],,,,,normal
347674116,a_di_el,627,Wed Aug 03 05:07:02 +0000 2011,1008359900802637827,en,,,,,[],,[],,[],[],,[],1.008355283209515e+18,7.051746256599163e+17,BrazilStat,,normal
200926194,igsman,622,Sun Oct 10 17:05:59 +0000 2010,1008359901268148225,en,,,,,[],,[],1.0,['227272224'],['grandfeddy'],,[],1.008355283209515e+18,7.051746256599163e+17,BrazilStat,,normal
4438053022,grazielah_,701,Thu Dec 10 13:40:43 +0000 2015,1008359901842767874,pt,,,,,[],,[],1.0,['44627459'],['corinthians'],1.0083334492315238e+18,[],,,,,normal
725909137,tostjose,203,Mon Jul 30 11:52:59 +0000 2012,1008359902023225345,en,,,,,[],,[],1.0,['44606764'],['optajoe'],1.0083544410058629e+18,[],,,,,normal
26582849,ajmoore21,933,Wed Mar 25 20:27:40 +0000 2009,1008359902371287040,en,,,,,[],,[],,[],[],,[],1.008349074410664e+18,4691919164.0,FromTStands,,normal
1229479448,brianmutandiro,74,Fri Mar 01 10:11:22 +0000 2013,1008359902866280448,en,,,,,[],,[],1.0,['2269401481'],['netonecellular'],1.0080198406139781e+18,[],,,,,normal
2867782356,1malexandre,199,Mon Oct 20 17:49:07 +0000 2014,1008359903713513472,und,,,,,[],1.0,['unitedbyfootball'],1.0,['972120096612257792'],['ubf_euro2024'],1.0083586208436511e+18,['unitedbyfootball'],1.0083566756975002e+18,74425157.0,UEFAcom_de,1.0,normal
2918457670,deejayklizzy,258,Fri Dec 12 20:57:54 +0000 2014,1008359903822516225,tl,,,,,[],2.0,"['fathersdayedition', 'fathersday']",1.0,['785184702722367492'],['kikithablogger'],1.0083597164670444e+18,['fathersdayedition'],,,,1.0,normal
45613882,scatterbrain92,989,Mon Jun 08 17:10:41 +0000 2009,1008359904225185792,es,,,,,[],,[],1.0,['77302450'],['eherrey'],1.008345093525291e+18,[],,,,,normal
1007204188663754752,tcnsportsmx,141,Thu Jun 14 10:12:46 +0000 2018,1008359904799870976,es,,,,,[],1.0,['mex'],,[],[],,[],,,,,normal
972369497502842880,politicalkirti,157,Sat Mar 10 07:12:08 +0000 2018,1008359905231683584,und,,,,,[],2.0,"['wishwithatwist', 'baapwalibaat']",4.0,"['882276345799073792', '972369497502842880', '870317639511552000', '3171712086']","['kranti786786', 'politicalkirti', 'swadheenta_18', 'rahulgandhi']",1.008328703229612e+18,"['wishwithatwist', 'baapwalibaat']",,,,2.0,normal
969892318454206464,lepetitpatriote,41,Sat Mar 03 11:08:43 +0000 2018,1008359905781276672,fr,,,,,[],,[],1.0,['493391629'],['w_alhusseini'],1.0083446808142684e+18,[],,,,,normal
927447599854030848,khosh_rit,433,Mon Nov 06 08:08:33 +0000 2017,1008359905844051968,fa,,,,,[],1.0,['خوشبختی_اینه_که'],1.0,['855482754577960961'],['firoozy_raz'],1.0083572240943391e+18,['خوشبختی_اینه_که'],,,,1.0,normal
726495400757198849,thewarofnow,4522,Sat Apr 30 19:36:15 +0000 2016,1008359906708254720,en,,,,,[],2.0,"['iran', 'tehran']",1.0,['3778429406'],['babaktaghvaee'],1.0080637098545193e+18,"['iran', 'tehran']",,,,2.0,normal
2223930222,howtobet4free_,256,Sun Dec 01 00:32:22 +0000 2013,1008359906808926216,en,,,,,[],,[],,[],[],,[],,,,,normal
2540002510,10ronaldgabriel,1587,Sun May 11 00:20:52 +0000 2014,1008359908142706688,pt,,,,,[],1.0,['canarinho'],1.0,['35856249'],['cbf_futebol'],1.0083237346404884e+18,['canarinho'],,,,1.0,normal
4103430022,b00stmy0dds,10186,Tue Nov 03 08:41:42 +0000 2015,1008359907127644160,en,,,,,[],,[],,[],[],,[],,,,,normal
1901429815,lucasw_rc,97,Tue Sep 24 18:41:33 +0000 2013,1008359908947955712,fr,,,,,[],,[],1.0,['4904368541'],['lazitouune'],1.008105974882857e+18,[],1.0069744504856535e+18,1.0027457979125473e+18,cup_sen,,normal
2543721266,bolhacamilizer,3445,Tue Jun 03 15:06:55 +0000 2014,1008359909291851777,pt,,,,,[],,[],,[],[],,[],,,,,normal
936618598705061888,uyoukoemmanuel,3269,Fri Dec 01 15:30:50 +0000 2017,1008359909551951872,und,,,,,[],,[],1.0,['1000408863093510145'],['booboosvk'],1.0083586842908426e+18,[],1.008357315119059e+18,9.366185987050619e+17,UyoukoEmmanuel,,normal
2462950433,degraciano11,401,Sat Apr 05 18:16:48 +0000 2014,1008359909644218368,es,,,,,[],,[],,[],[],,[],1.0079520017690501e+18,1002500058.0,WorldCupHQ,,normal
606342189,joelucbarnes,203,Tue Jun 12 11:59:04 +0000 2012,1008359910445387777,en,,,,,[],,[],1.0,['705174625659916288'],['brazilstat'],1.008355283209515e+18,[],,,,,normal
716371734144753664,calcio_a_5,38,Sat Apr 02 21:08:25 +0000 2016,1008359909308620801,ja,,,,,[],,[],,[],[],,[],,,,,normal
200926194,igsman,622,Sun Oct 10 17:05:59 +0000 2010,1008359912508977157,en,,,,,[],,[],1.0,['705174625659916288'],['brazilstat'],1.008355283209515e+18,[],,,,,normal
52357668,sambane,878,Tue Jun 30 10:06:34 +0000 2009,1008359912718528513,en,,,,,[],,[],2.0,"['259725229', '138372303']","['valaafshar', 'fifaworldcup']",1.007983936943874e+18,[],,,,,normal
1001226176680087552,otegamarley,408,Mon May 28 22:18:17 +0000 2018,1008359913767211009,en,,,,,[],,[],1.0,['857322170640474114'],['ofentse_potase'],1.0080724455243571e+18,[],,,,,normal
2933307440,irrehlm23,275,Wed Dec 17 10:11:18 +0000 2014,1008359914270437376,es,,,,,[],,[],1.0,['770861827303444484'],['eltri_united'],1.0083427215624643e+18,[],,,,,normal
878591497,jappresendez6,634,Sat Oct 13 20:05:58 +0000 2012,1008359914606088194,en,,,,,[],1.0,['nadanosdetiene'],2.0,"['3253879915', '138372303']","['miseleccionmxen', 'fifaworldcup']",1.0083502378224763e+18,['nadanosdetiene'],,,,1.0,normal
992486743340474368,boydigo1,291,Fri May 04 19:30:53 +0000 2018,1008359914551595008,pt,,,,,[],,[],,[],[],,[],,,,,normal
41090380,garrulousboy,768,Tue May 19 10:21:24 +0000 2009,1008359914685820930,en,,,,,[],2.0,"['luzhniki', 'germex']",2.0,"['335891957', '41090380']","['firstpostsports', 'garrulousboy']",1.0083596634721403e+18,"['luzhniki', 'germex']",,,,2.0,normal
268073100,apn_10,1235,Fri Mar 18 02:58:52 +0000 2011,1008359914576666624,en,,,,,[],,[],,[],[],,[],,,,,normal
3578166075,xclusiveafrica1,170,Mon Sep 07 15:33:27 +0000 2015,1008359915872751619,en,,,,,[],1.0,['russia2018'],,[],[],,[],,,,,normal
29410995,barcelonabryan,742,Tue Apr 07 08:29:18 +0000 2009,1008359915797164033,in,,,,,[],,[],1.0,['81307919'],['mildandaru'],1.0083590328793416e+18,[],1.0083566314307953e+18,947281567.0,panditfootball,,normal
987362575196348416,chorley4n,66,Fri Apr 20 16:09:17 +0000 2018,1008359914509688832,en,,,,,[],,[],,[],[],,[],,,,,normal
1482295142,abigailhearne,179,Tue Jun 04 13:30:43 +0000 2013,1008359916225138689,en,,,,,[],1.0,['letsmakeitofficial'],3.0,"['1004698846235119616', '384951307', '410811457']","['st_supporters', 'bbcmotd', 'ianwright0']",1.0058615829104476e+18,['letsmakeitofficial'],,,,1.0,normal
1003158166715162626,omniaga94831079,6,Sun Jun 03 06:15:19 +0000 2018,1008359916199927808,ar,,,,,[],1.0,['كاس_العالم'],,[],[],,[],,,,,normal
726913325091704832,waddupte,380,Sun May 01 23:16:56 +0000 2016,1008359917596573697,pt,,,,,[],,[],,[],[],,[],,,,,normal
2156401953,oumarmall76,143,Sun Oct 27 22:46:17 +0000 2013,1008359918481608704,fr,,,,,[],1.0,['cm2018'],1.0,['821044207569797120'],['izosarr'],1.0082964908827812e+18,['cm2018'],,,,1.0,normal
97751896,nottocini,485,Fri Dec 18 21:30:23 +0000 2009,1008359918854762496,en,,,,,[],,[],1.0,['44606764'],['optajoe'],1.0083544410058629e+18,[],,,,,normal
2351911166,germanfm_,230,Wed Feb 19 16:08:13 +0000 2014,1008359919458795521,en,,,,,[],,[],,[],[],,[],1.0083525297957683e+18,15356900.0,soccerdotcom,,normal
926370356461555713,zvezdaskosrce,80,Fri Nov 03 08:47:58 +0000 2017,1008359920247410689,en,,,,,[],,[],1.0,['32348951'],['mrjintheuk'],1.0083289296844104e+18,[],,,,,normal
2838582214,alexb1398,109,Mon Oct 20 20:58:48 +0000 2014,1008359920440369152,en,,,,,[],,[],1.0,['2230459686'],['bollocksweather'],1.0083460039452549e+18,[],,,,,normal
117394427,ikarush,603,Thu Feb 25 12:32:32 +0000 2010,1008359919920209921,ja,,,,,[],4.0,"['ドイツ', 'ger', 'メキシコ', 'mex']",1.0,['114409817'],['sn_soccer'],1.0083537315223839e+18,"['ドイツ', 'ger', 'メキシコ', 'mex']",,,,4.0,normal
80199260,anettemc,208,Tue Oct 06 03:01:36 +0000 2009,1008359921237315589,en,,,,,[],,[],,[],[],,[],,,,,normal
1482482582,mermaidirish,587,Tue Jun 04 14:54:13 +0000 2013,1008359921224732672,en,,,,,[],,[],1.0,['705174625659916288'],['brazilstat'],1.008355283209515e+18,[],,,,,normal
729454757073539077,michalkurzepa,308,Sun May 08 23:35:41 +0000 2016,1008359921975521280,pl,,,,,[],,[],,[],[],,[],1.0083559370343916e+18,138372303.0,FIFAWorldCup,,normal
198807954,televisionjam,253,Tue Oct 05 09:09:28 +0000 2010,1008359918968164352,en,,,,,[],1.0,['tvjrussia'],,[],[],,[],,,,,normal
20033461,jamespowell363,913,Wed Feb 04 07:29:21 +0000 2009,1008359922810028033,en,,,,,[],,[],,[],[],,[],,,,,normal
4002589274,emilianomelga06,123,Sat Oct 24 13:19:09 +0000 2015,1008359923426529281,es,,,,,[],2.0,"['todoelmundolosabe', 'russia2018']",2.0,"['58583789', '120256278']","['libresylokos', 'tigresoficial']",1.008330695456854e+18,['todoelmundolosabe'],,,,1.0,normal
948252101708320770,soosmcouil,206,Tue Jan 02 17:58:13 +0000 2018,1008359923632230400,fr,,,,,[],,[],1.0,['493391629'],['w_alhusseini'],1.0083446808142684e+18,[],,,,,normal
357017321,owenw1991,487,Wed Aug 17 18:27:29 +0000 2011,1008359922751430656,en,,,,,[],1.0,['disgracefulcarryon'],2.0,"['14387275', '19292816']","['paddypower', 'betfair']",,[],,,,,normal
449665107,faizanpeerzada,367,Thu Dec 29 10:44:02 +0000 2011,1008359923544215552,en,,,,,[],1.0,['ger'],,[],[],,[],1.008359402032726e+18,173890260.0,faizanlakhani,,normal
2481716437,boikobo_,487,Wed May 07 08:52:03 +0000 2014,1008359924357877761,en,,,,,[],,[],1.0,['705174625659916288'],['brazilstat'],1.008355283209515e+18,[],,,,,normal
982571325049864192,king_jahad,134,Sat Apr 07 10:50:34 +0000 2018,1008359923925696514,en,,,,,[],,[],,[],[],,[],1.0083559370343916e+18,138372303.0,FIFAWorldCup,,normal
765654297153503232,lescaffetteadr1,30,Tue Aug 16 20:59:44 +0000 2016,1008359924907339777,es,,,,,[],3.0,"['argentina', 'russia2018', 'messi']",1.0,['560669494'],['soylistorti'],1.0079646892785132e+18,"['argentina', 'russia2018', 'messi']",,,,3.0,normal
465884713,guba1a,390,Mon Jan 16 20:54:02 +0000 2012,1008359924957614086,en,,,,,[],,[],1.0,['705174625659916288'],['brazilstat'],1.008355283209515e+18,[],,,,,normal
417193943,lump86,605,Sun Nov 20 17:05:17 +0000 2011,1008359925146443776,en,,,,,[],,[],,[],[],,[],,,,,normal
427484458,raffyfc,185,Sat Dec 03 15:50:40 +0000 2011,1008359925574197248,en,,,,,[],,[],,[],[],,[],1.008355283209515e+18,7.051746256599163e+17,BrazilStat,,normal
845397764,maeyinglatipun,553,Tue Sep 25 12:03:41 +0000 2012,1008359925653725184,th,,,,,[],1.0,['germany'],1.0,['70401175'],['majorgroup'],1.0083587264644424e+18,['germany'],,,,1.0,normal
434710379,princexiv7112,306,Mon Dec 12 06:32:31 +0000 2011,1008359926555537408,en,,,,,[],,[],1.0,['1637589674'],['statmandave'],1.0083503480068874e+18,[],,,,,normal
2593245107,lilianalopezzzz,172,Sun Jun 08 22:10:53 +0000 2014,1008359928900169728,en,,,,,[],,[],1.0,['628706570'],['basedchasen'],1.0083054981840118e+18,[],1.00830228744448e+18,138372303.0,FIFAWorldCup,,normal
766571070,gbemiga__a,553,Sat Aug 18 23:44:14 +0000 2012,1008359930116493313,en,,,,,[],,[],1.0,['296589974'],['cerebrone'],1.008359177377534e+18,[],1.008355283209515e+18,7.051746256599163e+17,BrazilStat,,normal
4060106595,rihdivinity,744,Wed Oct 28 11:07:51 +0000 2015,1008359930229911554,fr,,,,,[],,[],,[],[],,[],,,,,normal
3255177349,jeonftyoongi,4821,Thu Jun 25 02:41:14 +0000 2015,1008359931890798593,es,,,,,[],,[],,[],[],,[],,,,,normal
4886784737,peirojdd,313,Mon Feb 08 04:40:39 +0000 2016,1008359931919994880,pl,,,,,[],9.0,"['srb', 'rus', 'por', 'esp', 'fra', 'isl', 'den', 'cro', 'srb']",1.0,['138372303'],['fifaworldcup'],1.0083475617390264e+18,"['srb', 'rus', 'por', 'esp', 'fra', 'isl', 'den', 'cro', 'srb']",,,,9.0,normal
785353414926401536,foot_futbol2,867,Mon Oct 10 05:37:00 +0000 2016,1008359932427583488,en,,,,,[],1.0,['nadanosdetiene'],2.0,"['3253879915', '138372303']","['miseleccionmxen', 'fifaworldcup']",1.0083502378224763e+18,['nadanosdetiene'],,,,1.0,normal
834455022821715968,cryptofeast,4729,Wed Feb 22 17:29:15 +0000 2017,1008359933237227520,en,,,,,[],5.0,"['airdrop', 'bitcoin', 'crypto', 'cryptocurrency', 'blockchain']",1.0,['928410762380529664'],['qurrex'],1.008342722099458e+18,"['airdrop', 'bitcoin', 'crypto', 'cryptocurrency']",,,,4.0,normal
1099150159,sarai_espinoza_,811,Thu Jan 17 20:01:33 +0000 2013,1008359933673340934,en,,,,,[],,[],1.0,['377137999'],['chivaz71'],1.0073949212952412e+18,[],1.0073945983591301e+18,15356900.0,soccerdotcom,,normal
1748339936,ajmagoo99,1662,Sat Sep 07 14:05:34 +0000 2013,1008359934206119936,en,,,,,[],,[],2.0,"['2350218440', '342599843']","['dfb_team_en', 'mariogoetze']",1.0083505309372129e+18,[],,,,,normal
857733282,akhil7cena,105,Tue Oct 02 09:08:01 +0000 2012,1008359934629564416,en,,,,,[],,[],1.0,['3746977993'],['rapidobikeapp'],1.0083578588183839e+18,[],,,,,normal
137582627,twitwardivision,100,Tue Apr 27 04:40:53 +0000 2010,1008359934495358976,de,,,,,[],,[],,[],[],,[],1.0083578083104031e+18,303612136.0,TabloidBOLA,,normal
997351245525463040,revivepeludito,733,Fri May 18 05:40:41 +0000 2018,1008359934600327168,es,,,,,[],,[],1.0,['118082053'],['abadon00'],1.0083596577930813e+18,[],1.008013258798846e+18,186302058.0,edson_ivan,,normal
1659283254,saifulislam__,327,Sat Aug 10 05:03:22 +0000 2013,1008359934843424768,en,,,,,[],,[],1.0,['870110790245785600'],['itsanguiano13'],1.0080210854329221e+18,[],1.0079944582380544e+18,890891.0,BleacherReport,,normal
1560533978,lissettenucci,2147,Mon Jul 01 13:19:57 +0000 2013,1008359936638750720,es,,,,,[],3.0,"['futbolmundialn24', 'ger', 'mex']",1.0,['14071538'],['noticias24'],1.0083553171413852e+18,"['futbolmundialn24', 'ger']",,,,2.0,normal
551895169,lomienriquez,779,Thu Apr 12 14:16:24 +0000 2012,1008359936651169793,en,,,,,[],2.0,"['mex', 'ger']",,[],[],,[],,,,,normal
226171123,octo47,24,Mon Dec 13 14:11:07 +0000 2010,1008359938500902917,en,,,,,[],2.0,"['inspiring', 'travel']",1.0,['4896023595'],['besttravelbook'],1.0083051392272507e+18,"['inspiring', 'travel']",,,,2.0,normal
2867782356,1malexandre,199,Mon Oct 20 17:49:07 +0000 2014,1008359938798882817,de,,,,,[],1.0,['diemannschaft'],1.0,['3026358061'],['germschrafa'],1.0083597145503744e+18,['diemannschaft'],1.0083587540463657e+18,4429405887.0,Samben_tsm,1.0,normal
1061045166,julien_skendo,446,Fri Jan 04 18:05:21 +0000 2013,1008359939029561344,en,,,,,[],,[],1.0,['705174625659916288'],['brazilstat'],1.008355283209515e+18,[],,,,,normal
910576446,23tonyhernandez,402,Sun Oct 28 15:56:59 +0000 2012,1008359939113275392,es,,,,,[],,[],1.0,['253284367'],['abriendojuego'],1.0083595768514355e+18,[],,,,,normal
3407600565,xavigomezl,554,Fri Aug 07 19:34:48 +0000 2015,1008359937309921280,es,,,,,[],1.0,['ger'],,[],[],,[],,,,,normal
3239468759,rfansm,43,Wed May 06 21:08:57 +0000 2015,1008359939503546368,ar,,,,,[],,[],,[],[],,[],,,,,normal
23039834,sebth,1787,Fri Mar 06 06:45:32 +0000 2009,1008359942024237056,en,,,,,[],1.0,['sbstheworldgame'],3.0,"['20474740', '2576461', '138372303']","['theworldgame', 'sbs', 'fifaworldcup']",1.0083485685229281e+18,['sbstheworldgame'],,,,1.0,normal
2933000713,goldblatt_david,213,Wed Dec 17 03:15:11 +0000 2014,1008359942288486400,und,,,,,[],2.0,"['seleçãobrasileira', 'gigantespornatureza']",1.0,['35856249'],['cbf_futebol'],1.0083393853461176e+18,"['seleçãobrasileira', 'gigantespornatureza']",1.0083334492315238e+18,44627459.0,Corinthians,2.0,normal
2959156286,crystalnis,606,Mon Jan 05 04:36:10 +0000 2015,1008359942351253504,en,,,,,[],,[],,[],[],,[],1.0082101629796229e+18,296649346.0,OCmayra,,normal
362588466,aspilfc,4369,Fri Aug 26 17:05:45 +0000 2011,1008359942464688128,en,,,,,[],1.0,['iran'],2.0,"['2180371', '415859364']","['iran', 'nike']",1.0079125202864251e+18,['iran'],,,,1.0,normal
160327239,ememesi,609,Sun Jun 27 21:44:19 +0000 2010,1008359945849499649,en,,,,,[],,[],1.0,['705174625659916288'],['brazilstat'],1.008355283209515e+18,[],,,,,normal
3307442107,lopeznay_,567,Thu Aug 06 02:36:37 +0000 2015,1008359945908183040,en,,,,,[],1.0,['nadanosdetiene'],2.0,"['3253879915', '138372303']","['miseleccionmxen', 'fifaworldcup']",1.0083502378224763e+18,['nadanosdetiene'],,,,1.0,normal
3348722992,pearple_,767,Sun Jun 28 08:00:44 +0000 2015,1008359946096992257,en,,,,,[],,[],2.0,"['3597607817', '2350218440']","['dekefidel', 'dfb_team_en']",1.0083575744277586e+18,[],,,,,normal
2271829315,craizinho,398,Wed Jan 01 16:21:29 +0000 2014,1008359946201812993,en,,,,,[],,[],,[],[],,[],,,,,normal
23067722,onmanoramalive,391,Fri Mar 06 14:15:09 +0000 2009,1008359947128565760,fi,,,,,[],2.0,"['germex', 'ger']",,[],[],,[],,,,,normal
4219525953,gnradiouk,52,Wed Nov 18 17:13:03 +0000 2015,1008359947296485376,en,,,,,[],2.0,"['crc', 'srb']",1.0,['34891363'],['fourfourtwo'],1.0083472702853325e+18,"['crc', 'srb']",,,,2.0,normal
2420857237,indiamates,597,Mon Mar 31 17:25:44 +0000 2014,1008359947740954625,en,,,,,[],,[],1.0,['2599218828'],['nipponindia'],1.0081907463047578e+18,[],,,,,normal
2462829556,flobvb666,340,Sat Apr 05 17:10:15 +0000 2014,1008359947497852928,de,,,,,[],,[],1.0,['361150095'],['woodyinho'],,[],,,,,normal
3311911276,danitevaldes,440,Sun Jun 07 12:59:37 +0000 2015,1008359947955040256,es,,,,,[],,[],,[],[],,[],,,,,normal
844296273645780992,letifttl,430,Tue Mar 21 21:14:52 +0000 2017,1008359948009558019,tr,,,,,[],,[],,[],[],,[],1.0083391398115983e+18,8.44296273645781e+17,letifttl,,normal
521001165,edgvrrr,907,Sun Mar 11 04:23:32 +0000 2012,1008359949515345920,tl,,,,,[],,[],1.0,['435901078'],['yo_mothers'],,[],1.0083559396053115e+18,91260761.0,Amazing_Aye,,normal
852847707857321984,greenshadowhd,1161,Fri Apr 14 11:35:13 +0000 2017,1008359950140297219,de,,,,,[],,[],3.0,"['917036986250268673', '917036986250268673', '904742729833426944']","['lasseygaws', 'lasseygaws', 'indianerkot']",1.0083047664417423e+18,[],,,,,normal
3165508256,yogacalvin,212,Mon Apr 20 14:14:28 +0000 2015,1008359950257549312,in,,,,,[],3.0,"['kamutaugaksih', 'ger', 'mex']",1.0,['947281567'],['panditfootball'],1.0083566314307953e+18,"['kamutaugaksih', 'ger', 'mex']",,,,3.0,normal
498274432,kuda_chizura,746,Mon Feb 20 21:33:58 +0000 2012,1008359950240841730,en,,,,,[],,[],,[],[],,[],1.0083590034523341e+18,71262400.0,lana_chik,,normal
838273525,abdullahroyal01,5875,Fri Sep 21 17:40:59 +0000 2012,1008359951620890625,ar,,,,,[],,[],1.0,['4615046668'],['alsafeersport'],1.0077544046431969e+18,[],,,,,normal
898397238,jerseykidpicks,147605,Mon Oct 22 20:57:39 +0000 2012,1008359951528366081,en,,,,,[],3.0,"['fathersday', 'fathers', 'parlay']",5.0,"['2482057016', '898397238', '1699435988', '25073877', '2482057016']","['chiles_dc', 'jerseykidpicks', 'ericlevitsky', 'realdonaldtrump', 'chiles_dc']",1.008343882692776e+18,"['fathersday', 'fathers', 'parlay']",1.0082875778775613e+18,898397238.0,JerseyKidPicks,3.0,normal
419202799,chefkanikas,2323,Wed Nov 23 02:43:18 +0000 2011,1008359951763419139,es,,,,,[],,[],1.0,['4168717994'],['carlitoscu_'],1.0083580927219425e+18,[],,,,,normal
935630178621034496,halivelova,131,Tue Nov 28 22:03:12 +0000 2017,1008359954007412736,pl,,,,,[],9.0,"['srb', 'rus', 'por', 'esp', 'fra', 'isl', 'den', 'cro', 'srb']",1.0,['138372303'],['fifaworldcup'],1.0083475617390264e+18,"['srb', 'rus', 'por', 'esp', 'fra', 'isl', 'den', 'cro', 'srb']",,,,9.0,normal
4909176669,morgan38555,3633,Sun Feb 14 14:45:42 +0000 2016,1008359954821115907,en,,,,,[],2.0,"['crc', 'srb']",1.0,['965564229679009793'],['purityslavulj'],1.0083472790429737e+18,"['crc', 'srb']",,,,2.0,normal
1013590111,deaniedeanz,278,Sat Dec 15 17:06:42 +0000 2012,1008359954544234496,es,,,,,[],,[],,[],[],,[],1.0083558363375084e+18,198807954.0,televisionjam,,normal
424365218,ohi_2d,539,Tue Nov 29 17:49:55 +0000 2011,1008359955051831296,en,,,,,[],,[],1.0,['705174625659916288'],['brazilstat'],1.008355283209515e+18,[],,,,,normal
860380463872999424,sdis02676730,182,Fri May 05 06:27:42 +0000 2017,1008359954351353856,de,,,,,[],1.0,['serbien'],,[],[],,[],,,,,normal
1017076718,saepul_anw,322,Mon Dec 17 09:29:34 +0000 2012,1008359956444151808,in,,,,,[],3.0,"['kamutaugaksih', 'ger', 'mex']",1.0,['947281567'],['panditfootball'],1.0083566314307953e+18,"['kamutaugaksih', 'ger', 'mex']",,,,3.0,normal
897127923655872516,sabalii_,208,Mon Aug 14 16:08:59 +0000 2017,1008359957312491521,en,,,,,[],,[],1.0,['384951307'],['bbcmotd'],1.0083591271423222e+18,[],,,,,normal
2981746240,pineda_godos,330,Fri Jan 16 20:49:49 +0000 2015,1008359955144036357,es,,,,,[],2.0,"['nadanosdetiene', 'rusia2018']",1.0,['268361752'],['miseleccionmx'],,[],,,,,normal
66301173,p_wj,983,Mon Aug 17 07:14:46 +0000 2009,1008359958503538688,th,,,,,[],3.0,"['สวัสดีบอลโลก', 'ger', 'bra']",,[],[],,[],,,,,normal
1599245148,eighthokage8,351,Tue Jul 16 21:02:59 +0000 2013,1008359958956699651,en,,,,,[],,[],1.0,['314763233'],['mattneuhausen'],1.0083531055520358e+18,[],,,,,normal
182430209,designbyalva,668,Tue Aug 24 15:43:14 +0000 2010,1008359961162866688,en,,,,,[],,[],,[],[],,[],1.0082101629796229e+18,296649346.0,OCmayra,,normal
965692667094097920,cennetcaglayan4,357,Mon Feb 19 21:00:48 +0000 2018,1008359961901109248,en,,,,,[],1.0,['haydireisleislanmaya'],1.0,['965513869673271296'],['saziyevural929'],1.0083598297175163e+18,['haydireisleislanmaya'],,,,1.0,anormal
222661157,beesberry,1113,Sat Dec 04 02:08:50 +0000 2010,1008359963440316416,en,,,,,[],,[],1.0,['2999967663'],['asromaen'],1.0080530464531333e+18,[],1.0080423082379756e+18,18220175.0,Diddy,,normal
521835668,swifteralek89,2885,Mon Mar 12 01:11:01 +0000 2012,1008359962928648195,en,,,,,[],,[],,[],[],,[],1.0083484018454651e+18,25375962.0,TSN_Sports,,normal
965544107019001858,ebrutoparslan98,146,Mon Feb 19 11:10:28 +0000 2018,1008359964157665282,en,,,,,[],1.0,['haydireisleislanmaya'],1.0,['965513869673271296'],['saziyevural929'],1.0083598297175163e+18,['haydireisleislanmaya'],,,,1.0,anormal
380511116,niamhoniamh,799,Mon Sep 26 19:32:31 +0000 2011,1008359964442849281,en,,,,,[],,[],1.0,['270173270'],['gavancasey'],1.0080510187588035e+18,[],1.0079975251592356e+18,27646527.0,DecPierce,,normal
298288727,piazzar,3060,Sat May 14 01:56:57 +0000 2011,1008359964807659520,es,,,,,[],3.0,"['ger', 'mex', 'russia2018']",,[],[],,[],,,,,normal
1274207480,jcmasis98,427,Sun Mar 17 06:25:38 +0000 2013,1008359965294243840,en,,,,,[],,[],1.0,['870110790245785600'],['itsanguiano13'],1.0080210854329221e+18,[],1.0079944582380544e+18,890891.0,BleacherReport,,normal
754273644105371649,davidsharma101,0,Sat Jul 16 11:17:05 +0000 2016,1008359964556054528,en,,,,,[],6.0,"['germany', 'mexico', 'ger', 'mex', 'gervsmex', 'germanymexico']",,[],[],,[],,,,,normal
533178599,bryan5166,777,Thu Mar 22 14:17:23 +0000 2012,1008359965877309440,en,,,,,[],,[],,[],[],,[],1.008081986131583e+18,49947478.0,nealcol,,normal
965513869673271296,saziyevural929,214,Mon Feb 19 09:10:19 +0000 2018,1008359966342893568,en,,,,,[],1.0,['haydireisleislanmaya'],1.0,['965513869673271296'],['saziyevural929'],1.0083598297175163e+18,['haydireisleislanmaya'],,,,1.0,anormal
67658336,safwans562,1816,Fri Aug 21 17:05:25 +0000 2009,1008359967705858048,en,,,,,[],,[],1.0,['633705263'],['thesportsman'],1.0083552878188831e+18,[],,,,,normal
741261179549519872,du4d354,145,Fri Jun 10 13:30:11 +0000 2016,1008359967773032451,tr,,,,,[],1.0,['jestkupa4'],1.0,['953013796536233984'],['jest_bahis'],1.0083596901731451e+18,['jestkupa4'],,,,1.0,normal
703530602033758208,rochdaie,78,Sat Feb 27 10:42:21 +0000 2016,1008359967676616704,ht,,,,,[],,[],,[],[],,[],1.0083125535446057e+18,2969405513.0,HashtagHarry__,,normal
903062988931960833,qpr_ash,1796,Thu Aug 31 01:12:49 +0000 2017,1008359968020533248,en,,,,,[],,[],1.0,['633705263'],['thesportsman'],1.0083552878188831e+18,[],,,,,normal
965514642247290880,toprakvural466,239,Mon Feb 19 09:13:23 +0000 2018,1008359968502943751,en,,,,,[],1.0,['haydireisleislanmaya'],1.0,['965513869673271296'],['saziyevural929'],1.0083598297175163e+18,['haydireisleislanmaya'],,,,1.0,anormal
897108571162374144,submontanus,224,Mon Aug 14 14:52:05 +0000 2017,1008359969157238785,en,,,,,[],,[],,[],[],,[],1.0083577850235986e+18,384951307.0,BBCMOTD,,normal
603595608,yothefinessekid,324,Sat Jun 09 11:18:13 +0000 2012,1008359969421516803,fr,,,,,[],,[],1.0,['4904368541'],['lazitouune'],1.008105974882857e+18,[],1.0069744504856535e+18,1.0027457979125473e+18,cup_sen,,normal
996332780329095168,chainberryv,47,Tue May 15 10:13:40 +0000 2018,1008359969656311808,de,,,,,[],2.0,"['neuerscheinung', 'blockchain']",1.0,['971666233778204673'],['chain_berry'],1.008356897286697e+18,"['neuerscheinung', 'blockchain']",,,,2.0,normal
4861084024,ogakizito,813,Fri Jan 29 17:53:54 +0000 2016,1008359969748500485,en,,,,,[],,[],,[],[],,[],,,,,normal
965515543477456897,yarenguldali754,554,Mon Feb 19 09:16:58 +0000 2018,1008359970675544064,en,,,,,[],1.0,['haydireisleislanmaya'],1.0,['965513869673271296'],['saziyevural929'],1.0083598297175163e+18,['haydireisleislanmaya'],,,,1.0,anormal
760614410423455744,abe_a93,356,Tue Aug 02 23:13:01 +0000 2016,1008359971392667653,en,,,,,[],,[],1.0,['705174625659916288'],['brazilstat'],1.008355283209515e+18,[],,,,,normal
965520156360396800,ranaozgur6,355,Mon Feb 19 09:35:18 +0000 2018,1008359973234135040,en,,,,,[],1.0,['haydireisleislanmaya'],1.0,['965513869673271296'],['saziyevural929'],1.0083598297175163e+18,['haydireisleislanmaya'],,,,1.0,anormal
2574954632,nam_alimm,396,Wed Jun 18 14:31:22 +0000 2014,1008359973212966912,th,,,,,[],1.0,['germany'],1.0,['70401175'],['majorgroup'],1.0083587264644424e+18,['germany'],,,,1.0,normal
882679462051164160,theeblacknasri,591,Wed Jul 05 19:15:57 +0000 2017,1008359973930356737,und,,,,,[],,[],,[],[],,[],1.0083343106703278e+18,615764025.0,coachdogge,,normal
3369118883,yankiegonzalez,375,Fri Jul 10 12:03:43 +0000 2015,1008359974869917696,pt,,,,,[],,[],1.0,['2878713664'],['nuno_reis9'],1.0083571664603996e+18,[],1.0083493889959977e+18,7.524882637478339e+17,B24PT,,normal
1093030476,easports629,616,Tue Jan 15 19:38:12 +0000 2013,1008359975083790337,en,,,,,[],1.0,['nadanosdetiene'],2.0,"['3253879915', '138372303']","['miseleccionmxen', 'fifaworldcup']",1.0083502378224763e+18,['nadanosdetiene'],,,,1.0,normal
965525329686269953,ebrusenturk592,397,Mon Feb 19 09:55:51 +0000 2018,1008359975314444291,en,,,,,[],1.0,['haydireisleislanmaya'],1.0,['965513869673271296'],['saziyevural929'],1.0083598297175163e+18,['haydireisleislanmaya'],,,,1.0,anormal
1353476622,ardianx_,532,Mon Apr 15 04:56:38 +0000 2013,1008359975310090240,in,,,,,[],3.0,"['kamutaugaksih', 'ger', 'mex']",1.0,['947281567'],['panditfootball'],1.0083566314307953e+18,"['kamutaugaksih', 'ger', 'mex']",,,,3.0,normal
345318456,ningthibirk,276,Sat Jul 30 11:43:30 +0000 2011,1008359975364616193,en,,,,,[],2.0,"['ger', 'mex']",1.0,['300392950'],['twittersports'],1.0083570293359247e+18,"['ger', 'mex']",,,,2.0,normal
44889871,fasiema,627,Fri Jun 05 13:21:21 +0000 2009,1008359976044253190,en,,,,,[],,[],,[],[],,[],,,,,normal
55458463,rafahyel,526,Fri Jul 10 03:37:00 +0000 2009,1008359976484655104,en,,,,,[],,[],1.0,['2603067229'],['photosofootball'],1.0080343486066074e+18,[],,,,,normal
965527492298727424,handeavci118,280,Mon Feb 19 10:04:27 +0000 2018,1008359977524908032,en,,,,,[],1.0,['haydireisleislanmaya'],1.0,['965513869673271296'],['saziyevural929'],1.0083598297175163e+18,['haydireisleislanmaya'],,,,1.0,anormal
1000489567290580992,alsahim22,138,Sat May 26 21:31:15 +0000 2018,1008359978804097029,en,,,,,[],,[],,[],[],,[],1.0083547413977047e+18,2491702663.0,paulpogba,,normal
906222394465013760,mohamed_albliwe,59,Fri Sep 08 18:27:10 +0000 2017,1008359978913226753,ar,,,,,[],,[],1.0,['477237507'],['azuri99'],1.0083312071076618e+18,[],,,,,normal
994094350857486337,thanhva44062849,360,Wed May 09 05:58:57 +0000 2018,1008359979508645890,vi,,,,,[],,[],1.0,['844545699416977408'],['army_vietnamm'],1.0083567140877926e+18,[],,,,,normal
254383197,ajielito,1182,Sat Feb 19 04:54:20 +0000 2011,1008359979714134016,in,,,,,[],,[],1.0,['81307919'],['mildandaru'],1.0083590328793416e+18,[],1.0083566314307953e+18,947281567.0,panditfootball,,normal
965529110960377856,gulguler406,258,Mon Feb 19 10:10:53 +0000 2018,1008359979689107458,en,,,,,[],1.0,['haydireisleislanmaya'],1.0,['965513869673271296'],['saziyevural929'],1.0083598297175163e+18,['haydireisleislanmaya'],,,,1.0,anormal
957663985356214272,ht793,78,Sun Jan 28 17:17:41 +0000 2018,1008359979781419010,en,,,,,[],2.0,"['souhilabenlachhab', 'dafbama2018souhila']",,[],[],,[],,,,,normal
765751744185917440,prediksiligaing,56,Wed Aug 17 03:26:57 +0000 2016,1008359979135401984,en,,,,,[],3.0,"['ligajudi', 'epl', 'mex']",,[],[],,[],,,,,normal
1632430556,yurajing,531,Tue Jul 30 08:52:24 +0000 2013,1008359980351672320,th,,,,,[],,[],1.0,['2590166754'],['shadowboy182'],1.0082829790413455e+18,[],,,,,normal
124389310,gatra1928,390,Fri Mar 19 07:11:31 +0000 2010,1008359980213235712,in,,,,,[],3.0,"['kamutaugaksih', 'ger', 'mex']",1.0,['947281567'],['panditfootball'],1.0083566314307953e+18,"['kamutaugaksih', 'ger', 'mex']",,,,3.0,normal
980859492089942021,ayselkaram,662,Mon Apr 02 17:28:21 +0000 2018,1008359981698174976,en,,,,,[],1.0,['haydireisleislanmaya'],1.0,['965513869673271296'],['saziyevural929'],1.0083598297175163e+18,['haydireisleislanmaya'],,,,1.0,anormal
3320625237,koba__10__,642,Fri Jun 12 10:13:58 +0000 2015,1008359981408837633,ro,,,,,[],1.0,['russia2018'],,[],[],,[],1.0083581093021532e+18,893167046.0,8bitfootball,,normal
185159972,arukimak,117,Tue Aug 31 11:04:12 +0000 2010,1008359981190602759,ja,,,,,[],,[],1.0,['194421990'],['neko_blog'],1.008359663102935e+18,[],1.0083559370343916e+18,138372303.0,FIFAWorldCup,,normal
985850754031169537,sakataku1205,224,Mon Apr 16 12:01:50 +0000 2018,1008359982293647365,ja,,,,,[],,[],,[],[],,[],1.0083590901190328e+18,108878555.0,NHK_soccer,,normal
1071493724,ozitopanda,9,Tue Jan 08 17:29:25 +0000 2013,1008359982713073664,und,,,,,[],,[],2.0,"['2763665123', '1160945754']","['nunoe0111', 'chermosillo27']",,[],1.0083559396053115e+18,91260761.0,Amazing_Aye,,normal
982011927651069954,yusuflupe,80,Thu Apr 05 21:47:43 +0000 2018,1008359983753424896,en,,,,,[],1.0,['haydireisleislanmaya'],1.0,['965513869673271296'],['saziyevural929'],1.0083598297175163e+18,['haydireisleislanmaya'],,,,1.0,anormal
929406736821342208,nabyl_bandar,2664,Sat Nov 11 17:53:28 +0000 2017,1008359984109891584,fr,,,,,[],,[],3.0,"['973359951421886465', '795634656288903168', '353719596']","['fisha_senegal', 'nabyleu', 'mamadouman']",,[],1.0070046388166779e+18,2878871974.0,SenegalFootball,,normal
527455035,tekoluweh,362,Sat Mar 17 13:28:22 +0000 2012,1008359984546045952,in,,,,,[],,[],,[],[],,[],1.0083475952346317e+18,2794327166.0,MafiaWasit,,normal
2781043609,adibhazlami,374,Sat Aug 30 19:25:28 +0000 2014,1008359985309335555,tl,,,,,[],,[],,[],[],,[],1.008355283209515e+18,7.051746256599163e+17,BrazilStat,,normal
607132024,dhruvrooney10,94,Wed Jun 13 11:27:19 +0000 2012,1008359986324361223,en,,,,,[],,[],1.0,['633705263'],['thesportsman'],1.0083552878188831e+18,[],,,,,normal
63945873,obnumz,126,Sat Aug 08 10:27:33 +0000 2009,1008359986815045633,und,,,,,[],2.0,"['perfektsmoothmatch', 'federbrӓu']",1.0,['1007493513796190210'],['federbrau_de'],1.0079138287077335e+18,"['perfektsmoothmatch', 'federbrӓu']",,,,2.0,normal
118945268,lemasquejaune,480,Tue Mar 02 05:25:42 +0000 2010,1008359986970259457,ja,,,,,[],,[],,[],[],,[],1.0083559370343916e+18,138372303.0,FIFAWorldCup,,normal
996332780329095168,chainberryv,47,Tue May 15 10:13:40 +0000 2018,1008359987536637953,de,,,,,[],2.0,"['blockchain', 'neuerscheinung']",1.0,['971666233778204673'],['chain_berry'],1.0083566919462339e+18,"['blockchain', 'neuerscheinung']",,,,2.0,normal
259272225,onasixpence,1139,Tue Mar 01 14:29:30 +0000 2011,1008359987272454144,en,,,,,[],8.0,"['afc', 'mufc', 'coys', 'lufc', 'mcfc', 'lfc', 'efc', 'whufc']",,[],[],,[],,,,,normal
222295489,belle_fille333,259,Fri Dec 03 00:41:01 +0000 2010,1008359987834388481,und,,,,,[],,[],,[],[],,[],1.0083221147037778e+18,110332354.0,webcamsdemexico,,normal
167331364,maulidioasmr,769,Fri Jul 16 09:08:22 +0000 2010,1008359987775565824,en,,,,,[],,[],1.0,['282348037'],['jperkovic93'],1.008350887167873e+18,[],1.0083464403751322e+18,2350218440.0,DFB_Team_EN,,normal
963182904,pijie118,525,Wed Nov 21 22:21:01 +0000 2012,1008359988224352257,en,,,,,[],,[],1.0,['633705263'],['thesportsman'],1.0083552878188831e+18,[],,,,,normal
989767360432168961,demetgzel19,58,Fri Apr 27 07:25:02 +0000 2018,1008359989088485376,en,,,,,[],1.0,['haydireisleislanmaya'],1.0,['965513869673271296'],['saziyevural929'],1.0083598297175163e+18,['haydireisleislanmaya'],,,,1.0,anormal
714691342144765952,balette51k,640,Tue Mar 29 05:51:09 +0000 2016,1008359991416258560,tl,,,,,[],2.0,"['werner', 'kimmich']",6.0,"['61433111', '1269425228', '2653718947', '2359476565', '1670174994', '493278212']","['bundesliga_en', 'manuel_neuer', 'platte21', 'matshummels', 'esmuellert_', 'jb17official']",1.0083529582522409e+18,"['werner', 'kimmich']",,,,2.0,normal
4889584870,siralexpaucar,430,Mon Feb 08 19:41:26 +0000 2016,1008359993547153408,en,,,,,[],,[],,[],[],,[],1.0083108754874327e+18,321284751.0,Jon_LeGossip,,normal
268073100,apn_10,1235,Fri Mar 18 02:58:52 +0000 2011,1008359993144369153,en,,,,,[],,[],,[],[],,[],,,,,normal
711158726221303808,faresalarab8,144,Sat Mar 19 11:53:47 +0000 2016,1008359993953878022,und,,,,,[],,[],1.0,['967719677509230592'],['salsabilwarwick'],1.0079554693008794e+18,[],,,,,normal
1028110626,mistakes30,235,Sat Dec 22 09:13:00 +0000 2012,1008359995728121857,ar,,,,,[],6.0,"['صربيا', 'كرواتيا', 'كوستاريكا', 'الاورغواي', 'الارجنتين', 'فرنسا']",,[],[],,[],,,,,normal
1482295142,abigailhearne,179,Tue Jun 04 13:30:43 +0000 2013,1008359996235702272,en,,,,,[],2.0,"['threelions', 'letsmakeitofficial']",4.0,"['1004698846235119616', '358216993', '1903382054', '2474148750']","['st_supporters', 'three_lions_pub', 'england', '3lionsnews2day']",1.0053811949162701e+18,"['threelions', 'letsmakeitofficial']",,,,2.0,normal
1633970150,_mellllyyyy,605,Tue Jul 30 22:27:22 +0000 2013,1008359996260642816,es,,,,,[],,[],1.0,['1449108529'],['markrogell'],1.0083576361048474e+18,[],1.0083563414867436e+18,138372303.0,FIFAWorldCup,,normal
1960505760,masoudsamimi134,4529,Mon Oct 14 11:58:38 +0000 2013,1008359997317763072,en,,,,,[],,[],1.0,['2501815788'],['iran_youth'],1.0080111093898813e+18,[],,,,,normal
3135204411,77_elimane,1659,Sat Apr 04 22:12:22 +0000 2015,1008359999217823744,ht,,,,,[],,[],,[],[],,[],1.0083447642473554e+18,2878871974.0,SenegalFootball,,normal
561893931,robinheed,113,Tue Apr 24 07:32:26 +0000 2012,1008359999486222337,en,,,,,[],2.0,"['marketers', 'goalkeeper']",1.0,['94080922'],['ram_jalan'],1.0083570009154396e+18,"['marketers', 'goalkeeper']",,,,2.0,normal
959738360,dxxpt_,358,Tue Nov 20 05:20:33 +0000 2012,1008360000744353792,th,,,,,[],,[],2.0,"['14301366', '138372303']","['kapookdotcom', 'fifaworldcup']",1.0083528824274575e+18,[],,,,,normal
956583557224419333,kenjikfr,237,Thu Jan 25 17:44:27 +0000 2018,1008360001889603584,fr,,,,,[],,[],,[],[],,[],,,,,normal
179944691,witch_babe,975,Wed Aug 18 13:31:04 +0000 2010,1008360002367709184,es,,,,,[],,[],,[],[],,[],1.0077979029310587e+18,51905772.0,SabrinaSabrok,,normal
34932623,nizamarchibald,1790,Fri Apr 24 14:06:14 +0000 2009,1008360003441340418,en,,,,,[],,[],1.0,['633705263'],['thesportsman'],1.0083552878188831e+18,[],,,,,normal
728741444,krooscontrol08,630,Tue Jul 31 16:29:10 +0000 2012,1008360003407712256,en,,,,,[],,[],,[],[],,[],1.0083547413977047e+18,2491702663.0,paulpogba,,normal
1678581709,ms_bluemagic,277,Sat Aug 17 15:52:56 +0000 2013,1008360003378413568,de,,,,,[],3.0,"['ger', 'zsmmn', 'bestneverrest']",,[],[],,[],1.008355607747924e+18,2350218440.0,DFB_Team_EN,,normal
1157839730,jona_tanga,816,Thu Feb 07 17:57:33 +0000 2013,1008360004091629569,en,,,,,[],,[],1.0,['377137999'],['chivaz71'],1.0073949212952412e+18,[],1.0073945983591301e+18,15356900.0,soccerdotcom,,normal
990836684282580992,anasta_thanos,316,Mon Apr 30 06:14:09 +0000 2018,1008360005429587968,en,,,,,[],1.0,['germex'],6.0,"['265902729', '871686942', '471287735', '3247497561', '155927976', '185827887']","['bbcsport', 'bbcone', 'garylineker', 'alanshearer', 'rioferdy5', 'cesc4official']",1.0083570045014876e+18,['germex'],,,,1.0,normal
58233972,naomiecheandia,307,Sun Jul 19 16:38:29 +0000 2009,1008360006532718592,es,,,,,[],2.0,"['fifa18', 'russia2018']",,[],[],,[],,,,,normal
817493764625285120,fissel88,558,Fri Jan 06 22:11:16 +0000 2017,1008360006503329792,en,,,,,[],1.0,['germex'],,[],[],,[],1.0083591995947008e+18,2152685876.0,FCBayernEN,,normal
380648579,afp,630,Tue Sep 27 00:35:10 +0000 2011,1008360006868258816,en,,,,,[],,[],1.0,['2381967920'],['afp_sport'],1.0083580417108869e+18,[],,,,,normal
390252112,impassioneddias,1417,Thu Oct 13 18:03:04 +0000 2011,1008360006973116417,en,,,,,[],,[],,[],[],,[],1.008345357225513e+18,9.249584365336453e+17,LCFCGORDON,,normal
216659737,imashwinj,199,Wed Nov 17 11:27:50 +0000 2010,1008360008419954690,en,,,,,[],,[],1.0,['3746977993'],['rapidobikeapp'],1.0083578588183839e+18,[],,,,,normal
600794134,bundesliga_id,309,Wed Jun 06 08:18:37 +0000 2012,1008360008675803136,en,,,,,[],1.0,['talentradar'],1.0,['798524948'],['ootb_football'],1.0083572464665764e+18,['talentradar'],,,,1.0,normal
1169245080,donatusdc,89,Mon Feb 11 15:46:35 +0000 2013,1008360008776601600,en,,,,,[],,[],,[],[],,[],1.0083492955258102e+18,29930178.0,SuperSportTV,,normal
2405064056,breecakesss,328,Sat Mar 22 21:25:46 +0000 2014,1008360008881299456,en,,,,,[],,[],1.0,['296649346'],['ocmayra'],1.0082101629796229e+18,[],,,,,normal
1347307230,bets_kenya,7913,Fri Apr 12 17:23:31 +0000 2013,1008360008931782656,en,,,,,[],,[],,[],[],,[],,,,,normal
3224253980,katuo4150,1777,Sat May 23 13:09:09 +0000 2015,1008360010445803521,ja,,,,,[],,[],1.0,['93828552'],['ultrasoccer'],1.0083517354111959e+18,[],,,,,normal
120151336,yaayeefamilyy,2491,Fri Mar 05 16:28:14 +0000 2010,1008360011192365056,th,,,,,[],,[],1.0,['957580064048087043'],['ppxmt9394'],1.0083280326317343e+18,[],,,,,normal
999776402122698752,salman_jan70,178,Thu May 24 22:17:24 +0000 2018,1008360012073365516,fa,,,,,[],1.0,['خوشبختی_اینه_که'],1.0,['855482754577960961'],['firoozy_raz'],1.0083572240943391e+18,['خوشبختی_اینه_که'],,,,1.0,normal
968046227874074624,zeihy_original,325,Mon Feb 26 08:53:00 +0000 2018,1008360012073365510,en,,,,,[],,[],1.0,['846268924631093248'],['salimsadii'],1.0080540226648678e+18,[],,,,,normal
2988085131,kabelomotupa74,124,Tue Jan 20 21:59:05 +0000 2015,1008360011934896128,en,,,,,[],,[],,[],[],,[],1.0080591148182979e+18,2652722219.0,AreeceSA,,normal
272285692,martinyalung,381,Sat Mar 26 05:59:29 +0000 2011,1008360012085846016,en,,,,,[],,[],,[],[],,[],1.0080479938310021e+18,343627165.0,premierleague,,normal
1278058158,valou_bylka,50,Mon Mar 18 15:43:56 +0000 2013,1008360012782108672,en,,,,,[],2.0,"['ger', 'mex']",2.0,"['22910295', '3397258065']","['chelseafc', 'toniruediger']",1.0083495928307753e+18,"['ger', 'mex']",,,,2.0,normal
769281415783546885,westiwafc,74,Fri Aug 26 21:12:36 +0000 2016,1008360013293899777,en,,,,,[],,[],,[],[],,[],1.008355607747924e+18,2350218440.0,DFB_Team_EN,,normal
547029775,sevdandeniz,903,Fri Apr 06 18:53:36 +0000 2012,1008360012979343361,tr,,,,,[],1.0,['jestkupa4'],1.0,['953013796536233984'],['jest_bahis'],1.0083596901731451e+18,['jestkupa4'],,,,1.0,normal
451567278,legendary_wale,2695,Sat Dec 31 17:55:18 +0000 2011,1008360014669602821,en,,,,,[],,[],1.0,['819558568235966464'],['newscantell'],1.008225919398568e+18,[],,,,,normal
172218031,gochabul,458,Thu Jul 29 04:52:25 +0000 2010,1008360015202144257,in,,,,,[],,[],1.0,['984842900'],['seriea_lawas'],1.0083597262775255e+18,[],1.0083590512923894e+18,303612136.0,TabloidBOLA,,normal
40493369,katewwfc,1852,Sat May 16 16:32:19 +0000 2009,1008360015479099394,en,,,,,[],,[],,[],[],,[],,,,,normal
1910690900,ananno11asif,189,Fri Sep 27 09:58:46 +0000 2013,1008360015659298816,und,,,,,[],,[],,[],[],,[],1.0083592621988618e+18,2675290322.0,bet_clever,,normal
102920462,juanfranvazquez,370,Fri Jan 08 07:47:20 +0000 2010,1008360015483232257,en,,,,,[],,[],1.0,['296649346'],['ocmayra'],1.0082101629796229e+18,[],,,,,normal
991165911448014849,arcangelreyes10,637,Tue May 01 04:02:23 +0000 2018,1008360015764209665,en,,,,,[],1.0,['haydireisleislanmaya'],1.0,['965513869673271296'],['saziyevural929'],1.0083598297175163e+18,['haydireisleislanmaya'],,,,1.0,anormal
2365097058,sogantoot,1252,Fri Feb 28 05:06:23 +0000 2014,1008360016343117824,ar,,,,,[],,[],1.0,['843821547995455490'],['o15sport'],1.0083564728776581e+18,[],,,,,normal
257390150,sigittpramono,604,Fri Feb 25 09:27:52 +0000 2011,1008360017261498368,in,,,,,[],1.0,['eh'],1.0,['177482520'],['dgipul'],1.0083587891148104e+18,[],1.0083566314307953e+18,947281567.0,panditfootball,,normal
335107381,joemls,2000,Thu Jul 14 04:49:41 +0000 2011,1008360019379666944,en,,,,,[],,[],1.0,['84619268'],['stighefootball'],1.0080412587392655e+18,[],,,,,normal
382736014,ucl4ar,103,Fri Sep 30 15:59:42 +0000 2011,1008360020587753472,ar,,,,,[],1.0,['ger'],,[],[],,[],,,,,normal
228285721,shintanandas,328,Sun Dec 19 08:10:18 +0000 2010,1008360022122754050,in,,,,,[],1.0,['kamutaugaksih'],1.0,['947281567'],['panditfootball'],1.008355469172269e+18,['kamutaugaksih'],,,,1.0,normal
634155210,craigrick51,23,Thu Jul 12 21:50:50 +0000 2012,1008360022236172288,en,,,,,[],,[],1.0,['25073877'],['realdonaldtrump'],,[],,,,,normal
3022315396,scotty8113,1313,Fri Feb 06 22:01:16 +0000 2015,1008360023578365952,en,,,,,[],,[],,[],[],,[],,,,,normal
1003867965836496896,liveworldcup3,415,Tue Jun 05 05:15:48 +0000 2018,1008360022948974592,en,,,,,[],1.0,['live'],,[],[],,[],,,,,normal
983227261519265792,senior_fvz,22,Mon Apr 09 06:17:01 +0000 2018,1008360024845012992,en,,,,,[],,[],1.0,['705174625659916288'],['brazilstat'],1.008355283209515e+18,[],,,,,normal
173614626,manmena,175,Sun Aug 01 22:59:31 +0000 2010,1008360025012752384,en,,,,,[],,[],1.0,['705174625659916288'],['brazilstat'],1.008355283209515e+18,[],,,,,normal
854460187,tolunaytasoluk,314,Sun Sep 30 10:02:08 +0000 2012,1008360025155424258,fr,,,,,[],,[],1.0,['822009256597712896'],['dembezito'],1.0083034400475996e+18,[],1.0079944582380544e+18,890891.0,BleacherReport,,normal
345246884,gav1961gav,178,Sat Jul 30 08:22:27 +0000 2011,1008360025272868867,en,,,,,[],,[],,[],[],,[],1.0080466094758011e+18,7.696151310094868e+17,BreakingNLive,,normal
2202052600,o_ukua,968,Sat Nov 30 17:49:21 +0000 2013,1008360025423794176,en,,,,,[],2.0,"['russia', 'putin']",2.0,"['29709009', '1502668368']","['lukeharding1968', 'tanyalokshina']",1.0073038309990605e+18,"['russia', 'putin']",1.0073027518801428e+18,1502668368.0,TanyaLokshina,2.0,normal
2742008224,dannisigler13,180,Wed Aug 13 19:10:35 +0000 2014,1008360025646096384,en,,,,,[],,[],1.0,['377137999'],['chivaz71'],1.0073949212952412e+18,[],1.0073945983591301e+18,15356900.0,soccerdotcom,,normal
167331364,maulidioasmr,769,Fri Jul 16 09:08:22 +0000 2010,1008360026853920768,de,,,,,[],3.0,"['ger', 'mex', 'mex']",1.0,['1944665077'],['squawkanews'],1.0083497140419297e+18,"['ger', 'mex']",,,,2.0,normal
2384449898,theluiscorrea,2941,Wed Mar 12 01:16:03 +0000 2014,1008360028288372737,en,,,,,[],,[],1.0,['296649346'],['ocmayra'],1.0082101629796229e+18,[],,,,,normal
220563802,streets94king,472,Sun Nov 28 04:33:20 +0000 2010,1008360029651656705,en,,,,,[],1.0,['löw'],2.0,"['2350218440', '89447929']","['dfb_team_en', 'j_klinsmann']",1.0083505174525297e+18,['löw'],,,,1.0,normal
915270408181616641,jelenag21,311,Tue Oct 03 17:40:45 +0000 2017,1008360029756559363,pl,,,,,[],9.0,"['srb', 'rus', 'por', 'esp', 'fra', 'isl', 'den', 'cro', 'srb']",1.0,['138372303'],['fifaworldcup'],1.0083475617390264e+18,"['srb', 'rus', 'por', 'esp', 'fra', 'isl', 'den', 'cro', 'srb']",,,,9.0,normal
103694351,maumerinot,409,Sun Jan 10 23:22:41 +0000 2010,1008360029597130753,es,,,,,[],1.0,['nadanosdetiene'],,[],[],,[],1.0083567780510966e+18,282607945.0,KurtLarSUN,,normal
1340824004,qblhkm,376,Wed Apr 10 02:38:26 +0000 2013,1008360029735403523,de,,,,,[],3.0,"['ger', 'mex', 'mex']",1.0,['1944665077'],['squawkanews'],1.0083497140419297e+18,"['ger', 'mex']",,,,2.0,normal
3278055896,fscottvyzgerald,158,Mon Jul 13 02:57:09 +0000 2015,1008360030255513600,en,,,,,[],,[],,[],[],,[],1.0083125535446057e+18,2969405513.0,HashtagHarry__,,normal
631540991,andiagungka,596,Tue Jul 10 00:34:41 +0000 2012,1008360030448390144,in,,,,,[],,[],1.0,['81307919'],['mildandaru'],1.0083590328793416e+18,[],1.0083566314307953e+18,947281567.0,panditfootball,,normal
191567314,dan_emdy,772,Thu Sep 16 19:37:12 +0000 2010,1008360031157407744,en,,,,,[],,[],1.0,['1345694256'],['mc_lively_'],1.0082851869398139e+18,[],,,,,normal
2151348243,ahmedakil95,280,Thu Oct 24 18:06:45 +0000 2013,1008360031664967680,und,,,,,[],,[],,[],[],,[],1.0083301933443891e+18,63256123.0,EParena,,normal
206920280,kiaralgarin,781,Sun Oct 24 02:04:18 +0000 2010,1008360031866245121,tl,,,,,[],2.0,"['werner', 'kimmich']",6.0,"['61433111', '1269425228', '2653718947', '2359476565', '1670174994', '493278212']","['bundesliga_en', 'manuel_neuer', 'platte21', 'matshummels', 'esmuellert_', 'jb17official']",1.0083529582522409e+18,"['werner', 'kimmich']",,,,2.0,normal
298767111,eyubzade,994,Sat May 14 22:14:39 +0000 2011,1008360032159887361,tr,,,,,[],,[],1.0,['1885931828'],['optacan'],1.0083588566558024e+18,[],,,,,normal
70568223,aguilafer33,3033,Tue Sep 01 02:01:30 +0000 2009,1008360032805761025,en,,,,,[],1.0,['nadanosdetiene'],2.0,"['3253879915', '138372303']","['miseleccionmxen', 'fifaworldcup']",1.0083502378224763e+18,['nadanosdetiene'],,,,1.0,normal
4157790664,cecyagoo,604,Tue Nov 10 16:46:00 +0000 2015,1008360031933386752,pt,,,,,[],,[],,[],[],,[],,,,,normal
299445100,hussdax,344,Mon May 16 03:06:44 +0000 2011,1008360033694945281,en,,,,,[],,[],1.0,['705174625659916288'],['brazilstat'],1.008355283209515e+18,[],,,,,normal
304192604,dalvearfox46,537,Tue May 24 02:53:04 +0000 2011,1008360033363611648,en,,,,,[],,[],,[],[],,[],1.0083563414867436e+18,138372303.0,FIFAWorldCup,,normal
704187749369184256,idanncab,563,Mon Feb 29 06:13:37 +0000 2016,1008360034156335105,es,,,,,[],3.0,"['russia2018', 'mex', 'ger']",,[],[],,[],,,,,normal
588902192,tshiamomtimkulu,367,Thu May 24 06:56:09 +0000 2012,1008360035091714049,und,,,,,[],1.0,['coyg'],,[],[],,[],1.0082784350038057e+18,533085085.0,MesutOzil1088,,normal
635337484,paulmolloy100,31,Sat Jul 14 12:06:38 +0000 2012,1008360035544715264,en,,,,,[],,[],,[],[],,[],1.0083112648194662e+18,15307151.0,itvfootball,,normal
242069170,porterxxx86,191,Sun Jan 23 21:35:44 +0000 2011,1008360037042081793,tr,,,,,[],1.0,['jestkupa4'],1.0,['953013796536233984'],['jest_bahis'],1.0083596901731451e+18,['jestkupa4'],,,,1.0,normal
2326603471,pipitpaesaeng,1160,Tue Feb 04 06:13:08 +0000 2014,1008360036798640129,en,,,,,[],2.0,"['srb', 'crc']",1.0,['99806132'],['whoscored'],1.008348108110082e+18,"['srb', 'crc']",,,,2.0,normal
463189148,agussruiz30,583,Fri Jan 13 20:41:55 +0000 2012,1008360039176957957,es,,,,,[],,[],1.0,['578673213'],['desmo_fut'],1.0083550836611113e+18,[],,,,,normal
753445236085395456,yongmaylingjen1,61,Thu Jul 14 04:25:17 +0000 2016,1008360039428513792,und,,,,,[],,[],2.0,"['417029613', '1600477226']","['jacksutcliffe88', 'terryw_uk']",,[],1.0083591853047071e+18,252521025.0,Number10cat,,normal
967106371215872001,ramazi54,32,Fri Feb 23 18:38:21 +0000 2018,1008360039713779712,tr,,,,,[],,[],1.0,['582952005'],['hepsi_bahis'],1.0083058535466148e+18,[],,,,,normal
88746291,jossiecordoba,2221,Mon Nov 09 20:01:14 +0000 2009,1008360037667016704,es,,,,,[],2.0,"['mexicanos', 'mexicovsalemania']",,[],[],,[],,,,,normal
550067641,dilemma1979,517,Tue Apr 10 12:26:31 +0000 2012,1008360040623984641,fr,,,,,[],,[],1.0,['618420295'],['ch14_'],,[],1.0083485436172984e+18,156247074.0,WestHamUtd,,normal
275766664,vans_obi,359,Fri Apr 01 23:39:01 +0000 2011,1008360040829538304,en,,,,,[],,[],1.0,['234284433'],['bensonedo_'],1.0080744743092019e+18,[],1.0080742306409595e+18,18038269.0,thefader,,normal
88159308,j1o1h1n1d1o1e1,2769,Sat Nov 07 10:19:38 +0000 2009,1008360041110491137,pl,,,,,[],9.0,"['srb', 'rus', 'por', 'esp', 'fra', 'isl', 'den', 'cro', 'srb']",1.0,['138372303'],['fifaworldcup'],1.0083475617390264e+18,"['srb', 'rus', 'por', 'esp', 'fra', 'isl', 'den', 'cro', 'srb']",,,,9.0,normal
827028960877895680,sprite_yam_yam,396,Thu Feb 02 05:40:44 +0000 2017,1008360043324948486,ko,,,,,[],,[],,[],[],,[],1.0083398332096184e+18,7.612209602131681e+17,LeroySane19,,normal
516244923,jimincolucci,514,Tue Mar 06 06:06:47 +0000 2012,1008360044126199808,en,,,,,[],,[],1.0,['2949064064'],['joonsxo'],1.008238491505836e+18,[],1.0082101629796229e+18,296649346.0,OCmayra,,normal
3429606059,yoursportsnews1,2036,Tue Aug 18 09:25:43 +0000 2015,1008360043392233472,en,,,,,[],1.0,['mex'],,[],[],,[],,,,,normal
391461548,humberto10beto,623,Sat Oct 15 16:08:21 +0000 2011,1008360044717633536,en,,,,,[],3.0,"['eugenioderbez', 'telemundo', 'copamundial2018']",1.0,['51218174'],['brendablanco'],1.0083562691603702e+18,"['eugenioderbez', 'telemundo', 'copamundial2018']",1.0083554485363958e+18,8.708121948621128e+17,JerryBoKnowz,3.0,normal
1306116049,leogerchmann,527,Wed Mar 27 00:58:47 +0000 2013,1008360045267116032,es,,,,,[],,[],,[],[],,[],1.0083356947821937e+18,3319332427.0,Geromeloficial,,normal
1118262031,thefakevik,1780,Fri Jan 25 02:44:21 +0000 2013,1008360045854232576,en,,,,,[],1.0,['nadanosdetiene'],2.0,"['3253879915', '138372303']","['miseleccionmxen', 'fifaworldcup']",1.0083502378224763e+18,['nadanosdetiene'],,,,1.0,normal
711158726221303808,faresalarab8,144,Sat Mar 19 11:53:47 +0000 2016,1008360045942370305,und,,,,,[],,[],1.0,['967719677509230592'],['salsabilwarwick'],1.0079166049638728e+18,[],,,,,normal
820313784258625536,estradagasp,376,Sat Jan 14 16:57:01 +0000 2017,1008360046110105601,en,,,,,[],,[],1.0,['2551822934'],['ussoccerfeed'],1.0083559406624154e+18,[],1.0083464403751322e+18,2350218440.0,DFB_Team_EN,,normal
1108557061,beesmatt9,2600,Mon Jan 21 09:22:48 +0000 2013,1008360046273679360,en,,,,,[],,[],,[],[],,[],,,,,normal
998967254808236033,deepans63793955,8,Tue May 22 16:42:08 +0000 2018,1008360047364239360,en,,,,,[],,[],,[],[],,[],1.0083544410058629e+18,44606764.0,OptaJoe,,normal
890010494,afnandarwisy27,254,Fri Oct 19 00:31:15 +0000 2012,1008360047255085056,en,,,,,[],,[],1.0,['870110790245785600'],['itsanguiano13'],1.0080210854329221e+18,[],1.0079944582380544e+18,890891.0,BleacherReport,,normal
225583894,lifejotto,107,Sat Dec 11 23:21:00 +0000 2010,1008360048635019265,de,,,,,[],,[],1.0,['462312323'],['football__tweet'],1.0083451770801152e+18,[],,,,,normal
1030885640,samueloduro322,4937,Sun Dec 23 16:26:54 +0000 2012,1008360048987394049,en,,,,,[],,[],1.0,['705174625659916288'],['brazilstat'],1.008355283209515e+18,[],,,,,normal
903951560232771584,ibnfzi_,292,Sat Sep 02 12:03:41 +0000 2017,1008360048672661504,in,,,,,[],,[],,[],[],,[],1.008349074410664e+18,4691919164.0,FromTStands,,normal
48043279,wanxeijas,510,Wed Jun 17 17:40:07 +0000 2009,1008360049192792067,en,,,,,[],,[],1.0,['705174625659916288'],['brazilstat'],1.008355283209515e+18,[],,,,,normal
796892462,makuo_chris,655,Sat Sep 01 21:17:05 +0000 2012,1008360049444614144,en,,,,,[],,[],1.0,['870110790245785600'],['itsanguiano13'],1.0080210854329221e+18,[],1.0079944582380544e+18,890891.0,BleacherReport,,normal
350922510,duf19,25,Mon Aug 08 14:32:44 +0000 2011,1008360051780747264,fr,,,,,[],2.0,"['bra', 'sui']",1.0,['851083166450417667'],['club_parieur'],1.0083255156551639e+18,"['bra', 'sui']",,,,2.0,normal
96869309,vinca_lee,255,Mon Dec 14 23:52:10 +0000 2009,1008360051763916800,en,,,,,[],,[],1.0,['220484183'],['cnyari'],1.0083526978236948e+18,[],1.0083506650795131e+18,220484183.0,Cnyari,,normal
1063978484,jfk_dublin,496,Sat Jan 05 20:57:15 +0000 2013,1008360052422578177,und,,,,,[],,[],1.0,['280688448'],['herbertsharkey'],,[],1.0080767338059448e+18,339252812.0,BobProcterr,,normal
1008358629727072257,dara92737283,0,Sun Jun 17 14:40:06 +0000 2018,1008360052489535490,th,,,,,[],1.0,['สวัสดีบอลโลก'],,[],[],,[],,,,,normal
342442221,luckychampion,87,Tue Jul 26 01:05:36 +0000 2011,1008360053777293312,pt,,,,,[],7.0,"['copa2018', 'russia2018', 'rus', 'alemanha', 'méxico', 'ger', 'mex']",,[],[],,[],,,,,normal
613376801,kamaratheaddict,588,Wed Jun 20 11:57:04 +0000 2012,1008360053601161218,de,,,,,[],,[],1.0,['2890850489'],['airtelufootball'],1.0083582228629135e+18,[],,,,,normal
3061311382,xsovietnews,997,Wed Feb 25 07:41:38 +0000 2015,1008360053936705536,en,,,,,[],,[],1.0,['16827148'],['christopherjm'],1.008357649690366e+18,[],,,,,normal
751373908989841408,mob_ind,775,Fri Jul 08 11:14:34 +0000 2016,1008360055429885952,de,,,,,[],2.0,"['germex', 'usa']",1.0,['751373908989841408'],['mob_ind'],1.0083416334972723e+18,"['germex', 'usa']",1.00833209643844e+18,8.779121317898772e+17,CMA_Europe,2.0,normal
819486120,chrisdonnelly12,510,Wed Sep 12 12:44:27 +0000 2012,1008360055714934784,en,,,,,[],,[],1.0,['474493404'],['titusoreily'],1.008324188002648e+18,[],1.0082715384396513e+18,48201591.0,Optus,,normal
889092764343967744,jat_udaipur,2072,Sun Jul 23 12:00:08 +0000 2017,1008360055945728000,hi,,,,,[],2.0,"['eidulfitr_special', 'sundaymotivation']",1.0,['964529809668718592'],['deepika74607768'],1.0080343692635955e+18,"['eidulfitr_special', 'sundaymotivation']",,,,2.0,normal
1641623754,dat_boy_cyril,483,Sat Aug 03 00:29:34 +0000 2013,1008360056126083072,en,,,,,[],,[],1.0,['44606764'],['optajoe'],1.0083544410058629e+18,[],,,,,normal
947941812,samdzek,441,Wed Nov 14 15:24:03 +0000 2012,1008360056654614528,sr,,,,,[],,[],,[],[],,[],1.008357195149439e+18,3036495555.0,SerbianPM,,normal
2304873134,ecuadordon,19175,Wed Jan 22 13:41:56 +0000 2014,1008360056667156480,en,,,,,[],,[],1.0,['67953340'],['davepperlmutter'],1.008257941361705e+18,[],,,,,normal
4138928052,undisputedmexi,172,Thu Nov 05 21:20:00 +0000 2015,1008360057128587265,de,,,,,[],1.0,['wm2018'],1.0,['805795283896565760'],['krewnaj'],1.0083583358574797e+18,['wm2018'],,,,1.0,normal
47759481,markojevtic,2187,Tue Jun 16 22:38:56 +0000 2009,1008360057636081664,en,,,,,[],,[],1.0,['347280789'],['richjolly'],1.0083597662871511e+18,[],1.0083593852974449e+18,2996901234.0,NatSportUAE,,normal
386309007,tobby_stark,1240,Fri Oct 07 01:18:45 +0000 2011,1008360058521096192,und,,,,,[],,[],,[],[],,[],1.008355283209515e+18,7.051746256599163e+17,BrazilStat,,normal
798083596728745984,odeeeen14,881,Mon Nov 14 08:42:11 +0000 2016,1008360058579644417,ja,,,,,[],,[],,[],[],,[],1.0083591995947008e+18,2152685876.0,FCBayernEN,,normal
387812200,elcor35,225,Sun Oct 09 18:20:34 +0000 2011,1008360058491686912,tr,,,,,[],1.0,['mobilbahis'],1.0,['893008918242373632'],['mobilbahiscom'],1.0083435459656212e+18,['mobilbahis'],,,,1.0,normal
411167999,alshaami,955,Sun Nov 13 02:37:12 +0000 2011,1008360059607420928,ar,,,,,[],7.0,"['مقاعد_الملاعب_الروسية', 'المقاعد_الإضافية', 'روسيا2018', 'معاك_يالاخضر', 'كرة_القدم', 'كاس_العالم', 'russia2018']",1.0,['234504612'],['alwatansa'],1.0082013273007514e+18,"['مقاعد_الملاعب_الروسية', 'المقاعد_الإضافية', 'روسيا2018', 'معاك_يالاخضر', 'كرة_القدم', 'كاس_العالم']",,,,6.0,normal
280105087,idari0,1111,Sun Apr 10 17:00:30 +0000 2011,1008360059632357378,es,,,,,[],3.0,"['selfie', 'mexico', 'russia2018']",,[],[],,[],,,,,normal
2248246487,hodgsonholic,446,Sat Dec 28 15:08:06 +0000 2013,1008360059972259842,en,,,,,[],,[],1.0,['133223849'],['hesham786'],1.0083304806625157e+18,[],,,,,normal
3193543629,_e7ernos,152,Wed Apr 22 05:43:25 +0000 2015,1008360060219723777,en,,,,,[],,[],1.0,['705174625659916288'],['brazilstat'],1.008355283209515e+18,[],,,,,normal
63455353,sar_gent,985,Thu Aug 06 11:43:56 +0000 2009,1008360061469589505,en,,,,,[],,[],1.0,['44606764'],['optajoe'],1.0083544410058629e+18,[],,,,,normal
863821563619094528,moh_esmail77,717,Sun May 14 18:21:24 +0000 2017,1008360061830299648,fr,,,,,[],3.0,"['allezlesbleus', 'fiersdetrebleus', 'weliveforfootball']",2.0,"['2491702663', '2155215398']","['paulpogba', 'equipedefrance']",1.008031146679169e+18,"['allezlesbleus', 'fiersdetrebleus']",,,,2.0,normal
3860982454,jtaylor_187,105,Sun Oct 04 10:36:37 +0000 2015,1008360063201959937,en,,,,,[],,[],1.0,['429394510'],['ellisbeattie'],1.0083433058585436e+18,[],,,,,normal
1414733905,jakemooresport,3191,Thu May 09 05:58:52 +0000 2013,1008360063256420353,en,,,,,[],,[],1.0,['44606764'],['optajoe'],1.0083379073404477e+18,[],,,,,normal
600427000,naats16,815,Tue Jun 05 21:11:17 +0000 2012,1008360063965253633,es,,,,,[],,[],,[],[],,[],,,,,normal
1097675570,nahzree,629,Thu Jan 17 09:22:08 +0000 2013,1008360065613684738,de,,,,,[],3.0,"['ger', 'mex', 'mex']",1.0,['1944665077'],['squawkanews'],1.0083497140419297e+18,"['ger', 'mex']",,,,2.0,normal
387492041,troykeywon,4066,Sun Oct 09 04:52:56 +0000 2011,1008360066016165888,en,,,,,[],,[],1.0,['2901511646'],['niket_wingman11'],1.0077278750706115e+18,[],,,,,normal
31738596,jideunconformed,761,Thu Apr 16 11:54:22 +0000 2009,1008360067027144704,en,,,,,[],,[],,[],[],,[],1.0079944071346627e+18,9.435557609230705e+17,Blvckcinderela,,normal
965093639499190272,grime4corbynuk,3993,Sun Feb 18 05:20:29 +0000 2018,1008360067626930176,en,,,,,[],1.0,['socialism'],1.0,['965093639499190272'],['grime4corbynuk'],1.0082976778960159e+18,['socialism'],,,,1.0,normal
954459992467238912,putindagreat1,112,Fri Jan 19 21:06:10 +0000 2018,1008360068184563713,und,,,,,[],1.0,['большой'],1.0,['2482038769'],['bolshoiofficial'],1.0080906136597217e+18,['большой'],,,,1.0,normal
456928419,alaye_100,360,Fri Jan 06 20:45:47 +0000 2012,1008360068943941633,en,,,,,[],,[],,[],[],,[],,,,,normal
1007866748853420032,elenasm93673659,116,Sat Jun 16 06:05:32 +0000 2018,1008360068964913154,en,,,,,[],1.0,['germex'],3.0,"['268361752', '609444696', '145019819']","['miseleccionmx', '629ivanbigboss', 'cocacolamx']",,[],1.0083452607648236e+18,9.696479859141878e+17,SteveDalhart,,normal
3299729536,david_murdo,674,Tue May 26 19:43:03 +0000 2015,1008360069040431105,en,,,,,[],,[],1.0,['127345230'],['jakubkrupa'],,[],1.0079908336001802e+18,3299729536.0,David_Murdo,,normal
1927884877,ehiyeside,2343,Wed Oct 02 19:00:40 +0000 2013,1008360069438853121,en,,,,,[],,[],1.0,['887946568736944129'],['kvnqdc'],1.0081101511345316e+18,[],,,,,normal
731198494183198720,joedeuxh,100,Fri May 13 19:04:40 +0000 2016,1008360070302916608,en,,,,,[],,[],1.0,['705174625659916288'],['brazilstat'],1.008355283209515e+18,[],,,,,normal
413539363,kiko_arez,446,Wed Nov 16 00:37:12 +0000 2011,1008360070139088898,in,,,,,[],3.0,"['kamutaugaksih', 'ger', 'mex']",1.0,['947281567'],['panditfootball'],1.0083566314307953e+18,"['kamutaugaksih', 'ger', 'mex']",,,,3.0,normal
370096977,elsarevianti,392,Thu Sep 08 13:17:20 +0000 2011,1008360070105579520,in,,,,,[],,[],,[],[],,[],1.0082784350038057e+18,533085085.0,MesutOzil1088,,normal
145865810,batom_efutebol,1317,Thu May 20 02:17:38 +0000 2010,1008360069145268225,pt,,,,,[],1.0,['bestneverrest'],1.0,['78270570'],['dfb_team'],,[],,,,,normal
1104022188,suarez11mx,525,Sat Jan 19 16:02:57 +0000 2013,1008360067916288002,und,,,,,[],3.0,"['russia2018', 'mexger', 'nadanosdetiene']",,[],[],,[],,,,,normal
380255386,akkanvolkan,808,Mon Sep 26 10:30:37 +0000 2011,1008360071859003392,tr,,,,,[],,[],1.0,['582952005'],['hepsi_bahis'],1.0083058535466148e+18,[],,,,,normal
935984845,liizzz4,187,Fri Nov 09 02:51:26 +0000 2012,1008360071540011009,en,,,,,[],,[],1.0,['296649346'],['ocmayra'],1.0082101629796229e+18,[],,,,,normal
102611434,johanlund,639,Thu Jan 07 07:48:45 +0000 2010,1008360072169259008,en,,,,,[],,[],1.0,['705174625659916288'],['brazilstat'],1.008355283209515e+18,[],,,,,normal
1528352514,isaacx_1,279,Tue Jun 18 17:39:09 +0000 2013,1008360071762411521,en,,,,,[],,[],1.0,['870110790245785600'],['itsanguiano13'],1.0080210854329221e+18,[],1.0079944582380544e+18,890891.0,BleacherReport,,normal
284421757,adedapox,2795,Tue Apr 19 07:35:43 +0000 2011,1008360072941068289,en,,,,,[],,[],1.0,['123285950'],['vikkiangelx'],1.0080280545082614e+18,[],1.0079762054826762e+18,358160535.0,Tunnyking,,normal
899283936832106496,blablableta,1,Sun Aug 20 14:56:13 +0000 2017,1008360072899104769,pl,,,,,[],1.0,['germex'],,[],[],,[],,,,,normal
93911788,toluadek,476,Tue Dec 01 18:17:12 +0000 2009,1008360073859649536,en,,,,,[],,[],1.0,['705174625659916288'],['brazilstat'],1.008355283209515e+18,[],,,,,normal
2397982418,jocrooky,4984,Wed Mar 19 14:41:31 +0000 2014,1008360074073518080,en,,,,,[],,[],1.0,['306233293'],['paystreamltd'],1.0079409025921761e+18,[],,,,,normal
3881944397,wychowany_na_x,155,Tue Oct 06 16:11:35 +0000 2015,1008360075214381057,pl,,,,,[],,[],,[],[],,[],1.008253849944064e+18,8.837249720275149e+17,waldemar_kowal,,normal
2578261977,malikkhussein,107,Mon Jun 02 19:22:29 +0000 2014,1008360075268968448,ar,,,,,[],,[],,[],[],,[],1.0076240973989683e+18,52660746.0,Israel,,normal
2202052600,o_ukua,968,Sat Nov 30 17:49:21 +0000 2013,1008360075969421312,en,,,,,[],,[],1.0,['1502668368'],['tanyalokshina'],1.0073027518801428e+18,[],,,,,normal
126476354,matheusesouza,1017,Fri Mar 26 00:31:37 +0000 2010,1008360075495387136,pt,,,,,[],,[],,[],[],,[],1.0083464403751322e+18,2350218440.0,DFB_Team_EN,,normal
983193949362941952,sexysmx,73,Mon Apr 09 04:04:39 +0000 2018,1008360075944062981,es,,,,,[],5.0,"['mex', 'mundialderusia2018', 'rusia2018', 'copa2018', 'alemania']",2.0,"['974764586158247936', '268361752']","['famosasmundial', 'miseleccionmx']",1.0083595820859105e+18,"['mex', 'mundialderusia2018', 'rusia2018', 'copa2018', 'alemania']",,,,5.0,normal
44213993,mrrojop,368,Tue Jun 02 21:32:39 +0000 2009,1008360077441490949,en,,,,,[],,[],1.0,['32858257'],['otiadjei'],1.0077341910422446e+18,[],1.0077323665200128e+18,32858257.0,OtiAdjei,,normal
566544989,deninhonell,1314,Sun Apr 29 18:20:58 +0000 2012,1008360078712410114,en,,,,,[],3.0,"['fathersday', 'fathers', 'parlay']",5.0,"['2482057016', '898397238', '1699435988', '25073877', '2482057016']","['chiles_dc', 'jerseykidpicks', 'ericlevitsky', 'realdonaldtrump', 'chiles_dc']",1.008343882692776e+18,"['fathersday', 'fathers', 'parlay']",1.0082875778775613e+18,898397238.0,JerseyKidPicks,3.0,normal
209754778,eriatha,124,Fri Oct 29 21:21:46 +0000 2010,1008360079773585408,en,,,,,[],,[],,[],[],,[],,,,,normal
734461323896053760,kaikelly_,229,Sun May 22 19:10:00 +0000 2016,1008360079844921344,en,,,,,[],,[],1.0,['705174625659916288'],['brazilstat'],1.008355283209515e+18,[],,,,,normal
860556772255387648,monterrey_360,573,Fri May 05 18:08:17 +0000 2017,1008360080067186688,es,,,,,[],1.0,['mundial2018'],,[],[],,[],,,,,normal
51813525,marnalaman,903,Sun Jun 28 19:21:09 +0000 2009,1008360079844728833,in,,,,,[],,[],,[],[],,[],1.0083474556818555e+18,794725016.0,ThrowbackAFC,,normal
2614196587,jonathan100898,44,Wed Jul 09 20:34:06 +0000 2014,1008360080507572225,es,,,,,[],2.0,"['mexicovsgermany', 'russia2018']",,[],[],,[],,,,,normal
163524307,sammunnery,1461,Tue Jul 06 16:52:14 +0000 2010,1008360080536895488,en,,,,,[],,[],2.0,"['10933912', '1665996914']","['timessport', 'jamesgheerbrant']",1.0083584585240781e+18,[],,,,,normal
961635767608102913,silverwolffex,712,Thu Feb 08 16:20:08 +0000 2018,1008360081124151296,en,,,,,[],1.0,['fortnite'],1.0,['986504335138926592'],['battleroyaleen'],1.008156721125249e+18,[],,,,,normal
204714938,thespyguy21,16430,Tue Oct 19 09:37:34 +0000 2010,1008360078943162368,en,,,,,[],5.0,"['thespyguy', 'happyfathersday', 'fathersday', 'gift', 'mancave']",,[],[],,[],,,,,normal
53452045,kennykaymaan,2134,Fri Jul 03 18:00:16 +0000 2009,1008360081702785024,en,,,,,[],,[],1.0,['2603067229'],['photosofootball'],1.0080343486066074e+18,[],,,,,normal
226807228,nairb_18,212,Wed Dec 15 03:40:01 +0000 2010,1008360082097098753,en,,,,,[],4.0,"['mex', 'ger', 'mex', 'eltrieng']",1.0,['135560807'],['mexicoworldcup'],1.0083479364875633e+18,"['mex', 'ger', 'mex', 'eltrieng']",,,,4.0,normal
759695298,bavariantweets,283,Wed Aug 15 16:30:44 +0000 2012,1008360082046881792,en,,,,,[],2.0,"['ger', 'mex']",,[],[],,[],,,,,normal
482013070,skinnyp_sa,1115,Fri Feb 03 12:37:15 +0000 2012,1008360082143371264,en,,,,,[],,[],,[],[],,[],1.008359239486722e+18,84564373.0,TinasheZA,,normal
226626340,tyberivs,501,Tue Dec 14 17:12:10 +0000 2010,1008360081988182016,en,,,,,[],,[],1.0,['705174625659916288'],['brazilstat'],1.008355283209515e+18,[],,,,,normal
131586052,rafuunka,56,Sat Apr 10 18:30:11 +0000 2010,1008360082273431552,es,,,,,[],,[],,[],[],,[],1.0082101629796229e+18,296649346.0,OCmayra,,normal
900354020665155584,wtf066,21,Wed Aug 23 13:48:21 +0000 2017,1008360082613075968,en,,,,,[],,[],1.0,['4876303211'],['wwe_news_nbc'],1.0080918030174495e+18,[],,,,,normal
1641623754,dat_boy_cyril,483,Sat Aug 03 00:29:34 +0000 2013,1008360082541875200,de,,,,,[],3.0,"['ger', 'mex', 'mex']",1.0,['1944665077'],['squawkanews'],1.0083497140419297e+18,"['ger', 'mex']",,,,2.0,normal
69492821,sachasucha,74,Fri Aug 28 03:30:56 +0000 2009,1008360083040997376,en,,,,,[],,[],1.0,['705174625659916288'],['brazilstat'],1.008355283209515e+18,[],,,,,normal
2881797634,lopes_26y,569,Mon Nov 17 21:56:34 +0000 2014,1008360083359756291,pt,,,,,[],,[],1.0,['973984276915073030'],['deusbrahimi_'],1.0083307371988173e+18,[],1.0083291836746752e+18,7.524882637478339e+17,B24PT,,normal
747522496778252288,mariopalos9,164,Mon Jun 27 20:10:26 +0000 2016,1008360083338776576,es,,,,,[],2.0,"['todoelmundolosabe', 'russia2018']",2.0,"['58583789', '120256278']","['libresylokos', 'tigresoficial']",1.008330695456854e+18,['todoelmundolosabe'],,,,1.0,normal
931462047891562498,skate_tabito,284,Fri Nov 17 10:00:32 +0000 2017,1008360084181639168,ja,,,,,[],4.0,"['ドイツ', 'ger', 'メキシコ', 'mex']",1.0,['114409817'],['sn_soccer'],1.0083537315223839e+18,"['ドイツ', 'ger', 'メキシコ', 'mex']",,,,4.0,normal
3579908242,karlyjade00,545,Mon Sep 07 19:13:04 +0000 2015,1008360084353830918,en,,,,,[],,[],1.0,['377137999'],['chivaz71'],1.0073949212952412e+18,[],1.0073945983591301e+18,15356900.0,soccerdotcom,,normal
